empleado_id,empresa_id,escenario,edad,experiencia,antiguedad,departamento,seniority,modalidad,genero,salario,q1,q2,q3,q4,q5,q6,q7,q8,q9,q10,q11,q12,q13,q14,q15,q16,q17,q18,q19,q20,q21,q22,q23,q24,q25,q26,q27,q28,q29,q30,q31,q32,q33,q34,q35,q36,q37,q38,q39,q40,q41,q42,q43,q44,q45,q46,q47,q48,q49,q50,q51,q52,q53,q54,q55,q56,q57,q58,q59,q60,q61,q62,q63,q64,kpi_contexto,kpi_burnout,kpi_boreout,kpi_bienestar,kpi_rotacion,burnout_agotamiento,burnout_cinismo,burnout_ineficacia,boreout_aburrimiento_eal,boreout_infraocupacion,bienestar_who5,bienestar_satisfaccion,bienestar_autoeficacia
DEMO_001,DEMO_001,demo,34,14.9,10.7,Datos,Mid,Presencial,Hombre,39211,2,2,3,2,4,3,2,2,3,3,2,2,3,4,4,3,2,2,2,2,2,2,1,1,3,2,2,2,3,4,3,3,3,3,3,3,4,5,5,5,5,4,4,5,3,4,2,1,2,3,3,2,1,4,5,4,4,4,3,4,4,5,4,4,2.7333333333333334,2.3333333333333335,4.461538461538462,2.3333333333333335,3.6666666666666665,2.142857142857143,2.0,2.857142857142857,4.625,4.2,2.4,2.25,4.333333333333333
DEMO_002,DEMO_001,demo,28,8.3,5.3,Producto,Mid,Híbrido,Hombre,43130,3,3,2,2,3,2,3,3,3,4,1,4,1,2,3,3,3,2,3,2,3,3,2,2,2,2,2,2,3,3,4,2,1,3,3,3,4,4,3,4,4,4,4,4,2,3,2,2,2,3,3,2,2,3,3,4,3,3,4,4,4,4,4,4,2.6,2.714285714285714,3.923076923076923,2.3333333333333335,3.3333333333333335,2.7142857142857144,2.142857142857143,3.2857142857142856,3.875,4.0,2.2,2.5,3.3333333333333335
DEMO_003,DEMO_001,demo,40,21.3,12.6,Desarrollo,Senior,Presencial,Hombre,60633,3,1,2,2,4,3,3,3,3,2,4,2,4,2,4,2,2,3,3,2,2,3,2,2,2,2,2,2,1,3,3,2,4,4,5,2,5,5,5,5,4,5,5,5,2,3,3,2,2,3,3,2,2,3,4,3,4,3,3,5,5,5,4,5,2.8,2.3333333333333335,4.846153846153846,2.4444444444444446,3.3333333333333335,2.4285714285714284,1.8571428571428572,2.7142857142857144,4.875,4.8,2.4,2.5,3.3333333333333335
DEMO_004,DEMO_001,demo,37,14.6,12.4,Desarrollo,Mid,Híbrido,Hombre,44496,4,3,3,4,1,2,1,1,2,3,2,3,2,3,2,3,3,3,2,3,3,3,2,1,3,3,2,2,3,3,3,2,2,3,3,3,5,4,3,4,5,4,5,4,2,3,2,3,3,3,2,2,2,3,2,2,4,5,3,3,4,4,2,4,2.4,2.809523809523809,3.923076923076923,2.4444444444444446,4.0,2.857142857142857,2.2857142857142856,3.2857142857142856,4.25,3.4,2.6,2.25,2.3333333333333335
DEMO_005,DEMO_001,demo,48,26.7,22.5,Datos,Senior,Presencial,Hombre,59694,2,2,2,2,4,2,3,2,3,2,2,3,3,2,4,3,2,1,2,3,2,1,1,2,3,2,3,2,2,2,3,3,3,2,2,2,5,4,5,5,5,5,5,5,3,2,3,2,3,2,2,2,3,3,3,3,4,3,4,4,5,4,3,4,2.533333333333333,2.571428571428571,4.538461538461538,2.4444444444444446,3.6666666666666665,2.0,2.142857142857143,3.5714285714285716,4.875,4.0,2.6,2.25,3.0
DEMO_006,DEMO_001,demo,40,17.5,15.1,Datos,Senior,Presencial,Mujer,59877,2,2,4,2,3,3,2,3,2,1,4,3,4,3,3,2,3,2,1,2,2,3,3,3,2,2,1,2,2,3,3,2,3,2,3,3,5,5,5,5,5,5,5,5,2,4,2,3,3,3,2,2,4,4,4,3,3,3,4,5,5,5,4,5,2.7333333333333334,2.5238095238095237,4.923076923076923,2.7777777777777777,3.3333333333333335,2.142857142857143,2.142857142857143,3.2857142857142856,5.0,4.8,2.8,2.75,3.6666666666666665
DEMO_007,DEMO_001,demo,32,10.3,6.8,RRHH,Junior,Híbrido,Hombre,31675,3,3,2,2,1,4,3,4,4,2,3,3,2,3,2,3,3,2,1,2,3,3,2,2,2,2,2,1,2,2,2,3,3,2,3,2,4,3,3,3,3,4,4,4,2,1,4,3,3,3,2,2,3,2,3,3,3,4,3,3,4,4,3,4,2.7333333333333334,2.619047619047619,3.5384615384615383,2.5555555555555554,3.3333333333333335,2.4285714285714284,1.8571428571428572,3.5714285714285716,3.5,3.6,2.6,2.5,2.6666666666666665
DEMO_008,DEMO_001,demo,26,6.3,4.8,Desarrollo,Mid,Híbrido,Hombre,39522,3,3,2,2,3,3,3,3,3,3,2,3,3,2,2,3,3,3,3,3,2,2,2,2,2,3,2,3,3,2,3,3,2,4,2,3,5,4,4,4,4,5,4,5,3,3,2,3,1,2,2,2,2,3,4,4,4,4,3,5,4,5,5,4,2.6666666666666665,2.809523809523809,4.461538461538462,2.2222222222222223,3.6666666666666665,2.7142857142857144,2.4285714285714284,3.2857142857142856,4.375,4.6,2.4,2.0,3.6666666666666665
DEMO_009,DEMO_001,demo,42,19.1,11.6,Ventas,Junior,Presencial,Hombre,30334,5,3,2,3,4,3,3,4,5,2,4,2,4,3,4,3,3,3,3,3,2,2,2,3,2,3,3,2,3,2,3,2,3,2,3,3,3,3,2,3,2,3,4,3,2,3,2,2,3,2,3,2,3,3,3,2,3,3,5,2,3,2,2,3,3.4,2.904761904761905,2.6923076923076925,2.4444444444444446,3.6666666666666665,2.7142857142857144,2.5714285714285716,3.4285714285714284,2.875,2.4,2.4,2.5,2.6666666666666665
DEMO_010,DEMO_001,demo,35,11.7,5.6,Datos,Mid,Híbrido,Hombre,44254,2,2,2,1,3,1,3,3,2,3,3,2,1,2,2,3,2,3,2,3,2,2,2,2,2,2,2,2,1,3,2,3,3,2,2,4,5,5,3,4,5,5,5,5,2,4,3,3,3,3,2,3,3,3,4,4,3,4,4,4,5,4,5,4,2.1333333333333333,2.5238095238095237,4.538461538461538,2.888888888888889,3.6666666666666665,2.4285714285714284,1.8571428571428572,3.2857142857142856,4.625,4.4,3.0,2.75,3.6666666666666665
DEMO_011,DEMO_001,demo,37,15.8,9.1,Desarrollo,Lead,Presencial,Mujer,78622,2,2,2,2,3,3,4,4,3,2,2,2,3,3,2,2,3,3,3,2,2,2,2,2,2,2,2,2,3,2,3,4,4,2,2,3,4,4,4,4,4,4,5,5,3,2,2,2,2,2,3,2,2,3,3,4,4,3,4,5,5,4,4,4,2.6,2.571428571428571,4.3076923076923075,2.2222222222222223,3.6666666666666665,2.4285714285714284,2.142857142857143,3.142857142857143,4.25,4.4,2.2,2.25,3.3333333333333335
DEMO_012,DEMO_001,demo,33,14.9,8.5,Desarrollo,Senior,Presencial,Hombre,62406,4,3,3,1,2,3,2,3,2,2,4,3,4,3,4,3,2,1,1,3,3,2,3,2,2,2,2,3,2,2,3,3,3,3,2,2,5,5,5,5,4,5,5,4,2,2,3,1,3,3,2,2,2,4,3,4,3,4,4,5,5,5,4,5,2.8666666666666667,2.619047619047619,4.769230769230769,2.2222222222222223,3.6666666666666665,2.142857142857143,2.2857142857142856,3.4285714285714284,4.75,4.8,2.2,2.25,3.6666666666666665
DEMO_013,DEMO_001,demo,25,6.8,4.8,Desarrollo,Mid,Presencial,Hombre,42482,3,2,2,3,2,3,3,2,3,3,2,1,3,4,4,2,2,2,3,3,3,2,3,3,2,3,2,2,2,3,3,2,2,2,3,1,3,4,4,4,4,5,4,3,3,3,3,3,2,2,2,3,2,4,3,3,3,4,3,5,5,4,4,4,2.6666666666666665,2.857142857142857,4.076923076923077,2.5555555555555554,3.3333333333333335,2.4285714285714284,2.4285714285714284,3.7142857142857144,3.875,4.4,2.8,2.25,3.3333333333333335
DEMO_014,DEMO_001,demo,44,21.9,18.3,Datos,Lead,Híbrido,Mujer,79206,2,2,2,2,2,2,2,3,2,3,3,3,3,3,3,2,1,2,3,3,2,3,1,1,2,1,1,1,2,2,3,3,4,2,3,2,5,5,5,5,4,5,5,4,2,3,3,2,3,3,3,2,2,5,2,4,3,3,4,4,5,4,4,5,2.466666666666667,2.2857142857142856,4.615384615384615,2.5555555555555554,3.3333333333333335,2.2857142857142856,1.2857142857142858,3.2857142857142856,4.75,4.4,2.6,2.5,3.6666666666666665
DEMO_015,DEMO_001,demo,41,23.3,20.7,RRHH,Mid,Presencial,Hombre,40610,3,4,2,1,2,2,2,3,2,3,3,2,2,2,3,2,3,1,2,2,2,3,2,3,1,2,1,2,1,2,4,3,2,3,2,3,4,5,5,5,4,4,4,4,3,2,3,3,3,3,2,2,3,3,4,3,3,4,3,4,4,4,4,3,2.4,2.380952380952381,4.153846153846154,2.6666666666666665,3.3333333333333335,2.142857142857143,1.7142857142857142,3.2857142857142856,4.375,3.8,2.8,2.5,3.3333333333333335
DEMO_016,DEMO_001,demo,39,14.4,7.3,Datos,Senior,Presencial,Hombre,57317,3,2,4,2,4,2,2,3,3,2,3,2,2,3,2,3,2,3,2,2,3,3,2,1,2,1,1,2,2,4,3,3,2,2,3,2,5,4,5,5,5,5,5,5,2,3,2,2,3,2,1,4,3,3,2,3,3,3,5,5,5,5,5,5,2.6,2.4761904761904763,4.923076923076923,2.4444444444444446,3.6666666666666665,2.5714285714285716,1.5714285714285714,3.2857142857142856,4.875,5.0,2.4,2.5,2.6666666666666665
DEMO_017,DEMO_001,demo,42,21.8,16.5,Datos,Senior,Presencial,Mujer,56126,2,1,3,2,2,1,2,5,3,2,3,1,2,3,2,2,2,2,2,1,2,2,2,1,2,1,1,2,3,3,3,4,2,3,3,2,5,5,5,5,5,5,5,5,2,3,3,3,2,2,2,2,2,3,4,3,4,3,5,5,5,5,5,5,2.2666666666666666,2.2380952380952377,5.0,2.3333333333333335,4.0,1.8571428571428572,1.7142857142857142,3.142857142857143,5.0,5.0,2.6,2.0,3.3333333333333335
DEMO_018,DEMO_001,demo,29,12.1,5.8,Datos,Mid,Presencial,Mujer,41333,3,1,2,3,2,2,3,4,4,3,2,1,3,3,2,2,2,2,2,2,3,3,2,1,2,1,1,2,2,3,2,3,4,2,3,3,5,5,5,4,4,5,5,4,1,2,3,2,3,2,2,2,3,2,4,4,4,4,4,4,5,3,5,3,2.533333333333333,2.3333333333333335,4.384615384615385,2.2222222222222223,4.0,2.2857142857142856,1.5714285714285714,3.142857142857143,4.625,4.0,2.2,2.25,3.3333333333333335
DEMO_019,DEMO_001,demo,51,29.2,14.5,Desarrollo,Mid,Presencial,Mujer,45414,3,2,3,3,2,1,4,4,3,3,4,2,3,2,3,3,3,3,3,3,2,3,3,2,2,3,3,2,2,2,3,3,2,4,4,3,4,4,5,5,4,4,5,4,1,3,2,2,3,1,3,2,2,3,4,3,3,3,4,4,3,4,4,4,2.8,2.7619047619047614,4.153846153846154,2.111111111111111,3.3333333333333335,2.857142857142857,2.4285714285714284,3.0,4.375,3.8,2.2,2.0,3.3333333333333335
DEMO_020,DEMO_001,demo,35,13.8,12.1,RRHH,Mid,Híbrido,Hombre,41923,2,4,4,3,2,3,2,2,2,3,2,3,3,3,3,1,3,2,2,1,1,2,1,2,1,2,2,2,2,3,3,1,4,3,2,3,5,4,3,4,4,4,4,4,3,3,2,4,2,3,2,1,3,4,5,4,3,4,5,3,4,4,4,3,2.7333333333333334,2.2380952380952377,3.8461538461538463,2.5555555555555554,4.0,1.7142857142857142,1.7142857142857142,3.2857142857142856,4.0,3.6,2.8,2.25,4.333333333333333
DEMO_021,DEMO_001,demo,40,17.1,7.3,Desarrollo,Mid,Presencial,Hombre,42347,4,4,3,3,2,2,3,1,3,2,3,1,3,3,2,3,3,3,2,3,2,2,3,3,2,2,2,2,3,3,3,3,3,2,2,3,5,4,4,5,4,4,5,4,2,3,4,2,2,3,2,3,2,2,3,2,3,4,3,5,3,3,4,4,2.6,2.7619047619047614,4.153846153846154,2.5555555555555554,3.3333333333333335,2.5714285714285716,2.4285714285714284,3.2857142857142856,4.375,3.8,2.6,2.5,2.3333333333333335
DEMO_022,DEMO_001,demo,43,23.7,11.2,Datos,Junior,Presencial,Hombre,27309,1,3,2,2,1,3,2,4,2,3,2,2,3,3,2,2,3,2,3,2,3,3,2,2,2,2,3,3,3,4,3,2,4,3,4,3,4,4,3,4,4,5,4,4,3,2,2,1,2,2,2,3,2,3,2,2,4,4,4,4,4,3,3,2,2.3333333333333335,2.5714285714285716,3.6923076923076925,2.111111111111111,4.0,2.5714285714285716,2.4285714285714284,2.7142857142857144,4.0,3.2,2.0,2.25,2.3333333333333335
DEMO_023,DEMO_001,demo,25,5.2,3.8,Datos,Senior,Híbrido,Hombre,63467,2,2,2,2,2,3,2,3,3,3,3,2,2,2,3,2,2,1,1,2,2,3,2,1,1,2,1,1,1,3,4,3,3,3,3,4,5,5,5,5,5,5,5,5,3,3,2,3,2,3,1,2,2,3,4,3,4,3,5,5,5,4,5,5,2.4,1.9523809523809526,4.923076923076923,2.3333333333333335,4.0,1.8571428571428572,1.2857142857142858,2.7142857142857144,5.0,4.8,2.6,2.0,3.3333333333333335
DEMO_024,DEMO_001,demo,49,26.8,12.1,Ventas,Lead,Híbrido,Mujer,72853,3,3,2,3,4,2,2,1,3,1,2,2,3,3,1,3,2,2,2,3,2,3,3,3,3,2,3,2,3,3,3,3,3,2,2,3,3,4,3,5,5,4,4,3,2,2,2,3,2,2,2,2,2,4,2,3,3,4,4,4,4,4,4,3,2.3333333333333335,2.809523809523809,3.8461538461538463,2.111111111111111,3.6666666666666665,2.4285714285714284,2.7142857142857144,3.2857142857142856,3.875,3.8,2.2,2.0,3.0
DEMO_025,DEMO_001,demo,38,16.6,13.9,RRHH,Senior,Presencial,Mujer,58962,4,4,2,2,3,2,3,3,2,2,2,2,3,3,2,2,2,2,1,2,2,1,2,1,1,2,2,2,1,3,2,3,2,3,2,3,5,5,5,4,5,5,5,5,4,2,3,3,2,3,2,3,2,3,4,4,3,4,4,5,5,4,5,5,2.6,2.2380952380952377,4.846153846153846,2.6666666666666665,3.6666666666666665,1.7142857142857142,1.5714285714285714,3.4285714285714284,4.875,4.8,2.8,2.5,3.6666666666666665
DEMO_026,DEMO_001,demo,26,2.9,2.1,Datos,Senior,Presencial,No binario,59329,2,2,2,3,4,3,3,3,1,3,3,3,2,2,4,2,1,2,3,2,3,2,2,2,1,1,2,2,1,3,3,2,2,3,3,2,5,5,5,5,5,4,4,5,4,4,2,4,3,3,3,2,3,4,3,4,4,5,4,5,5,5,5,4,2.6666666666666665,2.380952380952381,4.769230769230769,3.111111111111111,4.333333333333333,2.142857142857143,1.5714285714285714,3.4285714285714284,4.75,4.8,3.4,2.75,3.6666666666666665
DEMO_027,DEMO_001,demo,35,15.6,10.3,Desarrollo,Mid,Presencial,Mujer,42073,3,2,3,4,3,3,2,2,2,3,1,1,3,3,1,3,3,3,3,2,2,2,3,2,3,3,2,2,2,2,3,2,2,3,3,3,4,4,4,4,4,4,4,4,2,2,3,2,2,2,2,3,3,3,4,3,4,3,3,3,4,4,4,5,2.4,2.8095238095238098,4.0,2.3333333333333335,3.3333333333333335,2.5714285714285716,2.4285714285714284,3.4285714285714284,4.0,4.0,2.2,2.5,3.3333333333333335
DEMO_028,DEMO_001,demo,57,33.0,20.0,Desarrollo,Lead,Presencial,Hombre,77803,3,2,2,2,3,3,1,3,2,3,2,3,2,2,2,2,3,2,3,2,3,3,2,2,3,2,2,3,2,2,2,3,3,3,3,3,4,5,5,5,5,5,5,4,1,1,3,2,2,3,2,3,3,4,3,2,4,5,3,4,3,4,5,4,2.3333333333333335,2.714285714285714,4.461538461538462,2.2222222222222223,4.0,2.5714285714285716,2.2857142857142856,3.2857142857142856,4.75,4.0,1.8,2.75,3.0
DEMO_029,DEMO_001,demo,36,18.3,13.1,Desarrollo,Senior,Híbrido,Mujer,70550,3,4,3,4,2,2,2,1,1,2,2,4,3,2,4,3,2,3,2,2,3,2,3,2,2,2,2,3,2,3,3,2,3,3,3,3,5,5,5,4,5,5,5,5,2,3,3,2,2,4,3,4,1,4,3,4,3,3,4,5,5,5,5,5,2.6,2.6190476190476186,4.923076923076923,2.6666666666666665,3.3333333333333335,2.4285714285714284,2.2857142857142856,3.142857142857143,4.875,5.0,2.4,3.0,3.6666666666666665
DEMO_030,DEMO_001,demo,28,4.7,3.4,Desarrollo,Senior,Híbrido,Hombre,62933,3,4,4,2,3,5,1,3,2,2,1,2,4,2,2,2,1,2,2,2,3,2,3,2,2,3,3,2,2,2,2,3,3,3,3,2,5,5,5,5,4,5,5,5,2,2,3,3,2,2,2,2,2,3,3,4,5,4,4,5,5,3,5,5,2.6666666666666665,2.619047619047619,4.769230769230769,2.2222222222222223,4.333333333333333,2.0,2.4285714285714284,3.4285714285714284,4.875,4.6,2.4,2.0,3.3333333333333335
DEMO_031,DEMO_001,demo,36,14.8,9.7,Datos,Mid,Híbrido,Hombre,43682,3,3,3,3,3,3,3,3,3,3,2,3,2,1,4,3,2,2,2,2,1,4,2,3,2,2,2,2,1,3,3,3,2,4,2,3,5,5,4,4,5,4,4,4,2,2,3,2,2,2,2,3,2,2,3,4,4,4,5,4,5,5,4,4,2.8,2.4761904761904763,4.384615384615385,2.2222222222222223,4.333333333333333,2.2857142857142856,2.0,3.142857142857143,4.375,4.4,2.2,2.25,3.0
DEMO_032,DEMO_001,demo,40,20.9,17.9,Desarrollo,Senior,Híbrido,Hombre,52360,2,4,1,1,3,3,3,3,3,3,4,2,2,3,4,3,2,2,2,2,3,3,2,2,3,1,3,2,1,2,3,3,3,3,3,3,5,5,5,5,5,5,5,5,2,2,3,3,2,4,3,3,2,4,3,3,3,5,4,5,4,5,5,5,2.7333333333333334,2.5238095238095237,4.923076923076923,2.6666666666666665,4.0,2.4285714285714284,2.0,3.142857142857143,5.0,4.8,2.4,3.0,3.3333333333333335
DEMO_033,DEMO_001,demo,33,11.5,6.4,Producto,Senior,Presencial,Mujer,58011,3,3,2,1,4,3,1,3,3,1,4,3,2,3,3,2,3,2,2,3,1,2,1,2,2,2,2,2,1,3,3,4,3,3,2,4,4,5,5,5,4,4,4,5,3,3,2,3,2,3,3,3,2,3,3,3,3,5,3,5,5,4,4,5,2.6,2.2380952380952377,4.538461538461538,2.6666666666666665,3.6666666666666665,2.142857142857143,1.7142857142857142,2.857142857142857,4.5,4.6,2.6,2.75,3.0
DEMO_034,DEMO_001,demo,33,10.0,6.5,Desarrollo,Lead,Presencial,Hombre,83199,3,3,4,3,3,3,3,2,2,3,3,2,2,2,2,2,2,2,2,2,3,2,2,2,2,2,2,2,3,3,2,3,2,3,3,4,5,5,5,5,5,5,5,5,2,3,2,4,3,2,2,4,3,3,3,4,3,4,4,4,5,5,5,5,2.6666666666666665,2.4761904761904763,4.923076923076923,2.7777777777777777,3.6666666666666665,2.142857142857143,2.142857142857143,3.142857142857143,5.0,4.8,2.8,2.75,3.3333333333333335
DEMO_035,DEMO_001,demo,46,25.2,14.3,Producto,Lead,Presencial,Mujer,76846,4,4,2,4,4,3,3,2,4,2,1,1,3,3,3,2,2,3,2,2,2,3,3,3,2,2,2,2,2,3,3,2,3,2,3,2,5,4,4,5,5,5,4,4,3,3,3,3,2,3,3,2,2,3,3,3,3,3,2,5,5,4,4,3,2.8666666666666667,2.6666666666666665,4.384615384615385,2.6666666666666665,2.6666666666666665,2.2857142857142856,2.2857142857142856,3.4285714285714284,4.5,4.2,2.8,2.5,3.0
DEMO_036,DEMO_001,demo,43,21.5,9.9,Producto,Lead,Híbrido,Hombre,73581,2,3,3,3,2,1,3,3,2,1,1,2,2,3,2,2,2,3,3,2,2,3,2,2,1,2,2,1,1,3,2,3,2,2,2,1,4,4,4,4,4,5,5,4,2,4,3,3,2,2,3,2,2,3,4,3,3,4,4,4,4,3,5,4,2.2,2.619047619047619,4.153846153846154,2.5555555555555554,3.6666666666666665,2.4285714285714284,1.5714285714285714,3.857142857142857,4.25,4.0,2.8,2.25,3.3333333333333335
DEMO_037,DEMO_001,demo,37,13.0,7.8,Desarrollo,Lead,Presencial,Hombre,80169,2,2,3,3,2,3,2,3,2,2,3,2,3,3,3,3,3,3,2,2,2,2,2,2,3,2,3,2,2,3,2,3,2,4,2,3,5,5,5,5,5,5,4,5,1,2,3,2,3,2,3,2,3,3,3,3,4,3,4,5,4,4,5,5,2.533333333333333,2.6666666666666665,4.769230769230769,2.3333333333333335,3.6666666666666665,2.4285714285714284,2.2857142857142856,3.2857142857142856,4.875,4.6,2.2,2.5,3.0
DEMO_038,DEMO_001,demo,37,14.4,8.8,Producto,Lead,Presencial,Hombre,75109,3,4,3,4,3,3,2,3,3,1,3,2,2,3,3,2,2,2,3,2,2,3,3,2,1,1,2,2,2,3,2,4,3,2,3,3,4,5,4,4,5,5,5,5,3,1,3,3,2,2,3,2,3,3,3,3,4,3,4,5,4,4,4,4,2.8,2.4285714285714284,4.461538461538462,2.4444444444444446,3.6666666666666665,2.2857142857142856,1.8571428571428572,3.142857142857143,4.625,4.2,2.4,2.5,3.0
DEMO_039,DEMO_001,demo,39,18.0,9.9,Datos,Lead,Presencial,Hombre,82527,3,2,2,3,3,2,3,4,2,4,1,4,2,3,4,3,2,3,1,2,1,3,2,2,1,1,2,1,2,3,4,3,4,3,3,1,5,5,5,5,5,5,5,5,2,3,3,3,3,2,1,2,2,4,4,2,4,4,4,5,5,5,5,5,2.8,2.238095238095238,5.0,2.3333333333333335,4.0,2.142857142857143,1.5714285714285714,3.0,5.0,5.0,2.8,1.75,3.3333333333333335
DEMO_040,DEMO_001,demo,34,13.1,7.9,Ventas,Junior,Presencial,Hombre,30175,3,4,2,3,3,3,3,2,2,3,3,3,3,1,3,3,3,4,4,3,3,3,3,2,3,2,3,2,2,3,2,3,3,2,3,3,3,2,3,3,3,3,2,3,2,2,2,2,4,3,2,2,2,2,3,4,4,4,3,2,3,3,3,3,2.7333333333333334,3.0,2.769230769230769,2.3333333333333335,3.6666666666666665,3.2857142857142856,2.4285714285714284,3.2857142857142856,2.75,2.8,2.4,2.25,3.0
DEMO_041,DEMO_001,demo,37,18.7,9.7,Desarrollo,Senior,Presencial,Mujer,57514,2,1,1,3,3,3,1,3,3,4,4,3,3,2,2,3,2,3,2,2,1,2,2,2,3,2,2,2,2,3,2,3,2,3,3,3,4,4,5,4,5,5,5,5,3,2,3,1,3,2,2,2,2,3,3,3,3,4,5,4,5,4,3,4,2.533333333333333,2.5238095238095237,4.384615384615385,2.2222222222222223,4.0,2.142857142857143,2.142857142857143,3.2857142857142856,4.625,4.0,2.4,2.0,3.0
DEMO_042,DEMO_001,demo,38,17.1,10.9,Datos,Senior,Presencial,Hombre,68101,2,4,3,3,4,3,3,2,3,2,2,3,2,4,4,2,3,2,1,2,2,2,2,2,2,2,1,2,2,3,3,2,3,4,3,4,5,5,4,5,5,5,5,5,3,2,2,2,2,1,2,3,2,3,3,2,3,4,4,5,4,5,5,5,2.933333333333333,2.238095238095238,4.846153846153846,2.111111111111111,3.6666666666666665,2.0,1.8571428571428572,2.857142857142857,4.875,4.8,2.2,2.0,2.6666666666666665
DEMO_043,DEMO_001,demo,48,29.7,13.3,Datos,Junior,Híbrido,Mujer,30567,3,3,4,3,3,2,3,3,4,3,2,2,2,3,3,3,2,2,4,3,3,3,3,2,3,3,3,3,2,3,3,2,3,2,2,3,4,4,5,4,3,4,3,4,3,3,2,2,2,2,2,2,2,4,2,4,4,4,4,3,5,4,5,3,2.8666666666666667,3.0,3.923076923076923,2.2222222222222223,4.0,2.857142857142857,2.7142857142857144,3.4285714285714284,3.875,4.0,2.4,2.0,3.3333333333333335
DEMO_044,DEMO_001,demo,29,5.5,4.0,Datos,Senior,Híbrido,Hombre,58839,4,2,2,3,2,2,3,2,2,1,1,4,2,3,2,2,2,3,2,2,2,2,2,3,2,2,2,2,2,3,3,2,3,3,3,2,5,5,5,5,5,5,5,5,2,3,2,2,4,3,3,3,2,3,3,3,3,4,4,5,4,5,5,5,2.3333333333333335,2.5238095238095237,4.923076923076923,2.6666666666666665,3.6666666666666665,2.142857142857143,2.142857142857143,3.2857142857142856,5.0,4.8,2.6,2.75,3.0
DEMO_045,DEMO_001,demo,44,26.1,15.5,RRHH,Senior,Híbrido,Mujer,55278,2,2,2,2,3,2,3,2,3,2,3,2,2,3,3,1,1,3,2,1,2,2,2,1,1,3,1,2,2,2,3,2,2,3,4,3,5,5,5,4,5,5,5,5,2,3,1,2,1,3,2,2,3,4,4,4,3,4,4,5,4,4,4,5,2.4,2.2380952380952377,4.6923076923076925,2.111111111111111,3.6666666666666665,1.7142857142857142,1.7142857142857142,3.2857142857142856,4.875,4.4,1.8,2.5,4.0
DEMO_046,DEMO_001,demo,49,24.5,11.2,Desarrollo,Senior,Híbrido,Mujer,60068,1,3,3,3,4,2,2,3,2,3,2,2,3,2,3,2,2,3,2,1,2,3,2,2,2,2,2,1,2,3,3,4,2,3,3,4,5,5,5,5,5,4,5,5,2,2,3,3,3,3,4,3,3,3,3,3,4,4,3,4,5,4,5,4,2.533333333333333,2.285714285714286,4.6923076923076925,2.888888888888889,3.6666666666666665,2.142857142857143,1.8571428571428572,2.857142857142857,4.875,4.4,2.6,3.25,3.0
DEMO_047,DEMO_001,demo,32,11.0,8.1,Desarrollo,Senior,Presencial,Mujer,59782,3,3,4,2,3,3,3,3,3,2,2,2,3,2,4,3,3,2,2,2,2,2,2,2,2,2,2,3,2,2,3,3,2,3,4,3,4,5,5,5,5,5,5,4,4,1,1,4,3,3,3,2,2,4,3,3,4,3,3,5,5,4,5,5,2.8,2.5238095238095237,4.769230769230769,2.5555555555555554,3.3333333333333335,2.2857142857142856,2.142857142857143,3.142857142857143,4.75,4.8,2.6,2.5,3.3333333333333335
DEMO_048,DEMO_001,demo,39,19.6,8.5,Datos,Senior,Presencial,Hombre,57462,3,3,5,2,3,2,2,4,3,3,4,2,2,3,2,2,1,2,2,2,2,2,1,3,1,1,2,2,2,3,3,3,2,3,4,3,5,5,5,5,5,5,4,5,3,3,3,2,1,2,2,2,2,4,3,3,4,3,5,4,5,5,5,4,2.8666666666666667,2.1904761904761902,4.769230769230769,2.2222222222222223,4.0,1.8571428571428572,1.7142857142857142,3.0,4.875,4.6,2.4,2.0,3.3333333333333335
DEMO_049,DEMO_001,demo,39,17.0,8.4,Producto,Senior,Presencial,Hombre,54736,3,3,1,4,1,2,2,2,4,2,2,3,3,4,3,1,2,3,3,2,2,1,2,1,2,2,1,2,3,3,2,3,2,3,3,3,5,5,5,5,5,5,5,5,2,3,3,1,2,3,2,2,3,3,3,4,3,4,3,5,4,4,4,4,2.6,2.380952380952381,4.6923076923076925,2.3333333333333335,3.3333333333333335,2.0,1.8571428571428572,3.2857142857142856,5.0,4.2,2.2,2.5,3.3333333333333335
DEMO_050,DEMO_001,demo,36,17.2,8.0,Datos,Mid,Híbrido,Hombre,41291,1,3,4,2,4,1,4,3,3,1,3,4,1,3,5,3,1,2,2,2,2,2,2,2,1,2,2,2,1,3,3,3,3,2,2,2,4,4,5,4,4,4,5,4,2,3,3,3,3,3,2,1,3,3,3,3,4,3,4,4,5,4,5,4,2.8,2.380952380952381,4.3076923076923075,2.5555555555555554,3.6666666666666665,2.0,1.7142857142857142,3.4285714285714284,4.25,4.4,2.8,2.25,3.0
DEMO_051,DEMO_001,demo,34,10.9,5.3,Producto,Senior,Presencial,Hombre,60442,1,3,2,4,3,1,4,3,2,4,2,2,4,3,3,3,2,2,2,2,3,2,2,2,3,2,2,2,2,3,2,3,2,3,3,2,5,5,4,5,5,4,5,5,2,4,3,2,3,3,2,3,3,3,3,3,4,4,3,5,5,5,4,5,2.7333333333333334,2.619047619047619,4.769230769230769,2.7777777777777777,3.6666666666666665,2.2857142857142856,2.142857142857143,3.4285714285714284,4.75,4.8,2.8,2.75,3.0
DEMO_052,DEMO_001,demo,31,13.1,7.0,Desarrollo,Junior,Híbrido,Mujer,32574,4,1,3,3,4,3,2,3,2,3,3,3,3,3,3,4,3,3,3,2,4,3,3,3,2,3,4,3,2,2,3,4,3,3,1,3,4,4,4,3,4,3,3,3,2,1,2,3,1,2,2,3,2,4,3,3,3,3,3,4,3,3,3,3,2.8666666666666667,3.095238095238095,3.3846153846153846,2.0,3.0,3.142857142857143,2.857142857142857,3.2857142857142856,3.5,3.2,1.8,2.25,3.3333333333333335
DEMO_053,DEMO_001,demo,25,4.6,2.1,Datos,Senior,Presencial,Hombre,59610,2,2,2,3,3,1,2,2,4,2,5,3,2,2,1,2,1,2,2,2,2,2,2,1,1,2,1,1,2,2,3,4,3,2,3,1,5,5,5,5,5,5,5,5,2,1,3,3,3,2,3,2,2,4,3,3,3,4,4,5,5,4,5,4,2.4,2.2380952380952377,4.846153846153846,2.3333333333333335,3.6666666666666665,1.8571428571428572,1.4285714285714286,3.4285714285714284,5.0,4.6,2.4,2.25,3.3333333333333335
DEMO_054,DEMO_001,demo,42,22.5,17.7,Desarrollo,Senior,Presencial,Hombre,61901,3,3,1,3,4,2,2,1,3,3,3,2,3,2,4,2,3,3,2,1,2,2,3,3,2,2,3,3,2,2,3,3,3,2,3,3,5,5,4,5,5,4,4,5,2,2,3,2,2,2,4,2,3,3,2,4,4,4,3,5,5,5,5,5,2.6,2.6666666666666665,4.769230769230769,2.4444444444444446,3.6666666666666665,2.142857142857143,2.5714285714285716,3.2857142857142856,4.625,5.0,2.2,2.75,3.0
DEMO_055,DEMO_001,demo,25,4.8,2.1,Datos,Senior,Presencial,No binario,64947,2,2,2,2,2,3,2,1,2,3,2,3,2,2,2,2,3,2,3,3,2,3,2,2,3,2,1,2,2,2,3,4,3,2,2,3,5,5,5,4,5,5,5,5,4,1,2,2,3,3,3,3,3,3,4,5,3,3,3,5,5,4,5,3,2.1333333333333333,2.619047619047619,4.6923076923076925,2.6666666666666665,3.0,2.5714285714285716,2.0,3.2857142857142856,4.875,4.4,2.4,3.0,4.0
DEMO_056,DEMO_001,demo,41,22.2,19.7,Ventas,Junior,Híbrido,Mujer,25978,3,4,4,4,2,4,4,1,4,3,2,4,2,1,3,4,3,3,4,3,2,3,3,3,3,4,3,3,3,2,2,2,2,3,2,2,3,3,3,2,3,3,2,3,2,3,2,2,3,2,3,3,3,3,3,3,5,4,3,2,2,3,3,3,3.0,3.380952380952381,2.6923076923076925,2.5555555555555554,4.0,3.142857142857143,3.142857142857143,3.857142857142857,2.75,2.6,2.4,2.75,3.0
DEMO_057,DEMO_001,demo,44,26.4,16.9,Desarrollo,Mid,Presencial,Mujer,39431,2,2,3,3,2,2,3,3,2,2,3,3,2,2,3,3,3,3,2,3,2,3,2,3,2,3,3,3,2,3,1,2,2,3,2,4,4,5,4,4,4,4,5,5,4,2,2,3,3,2,2,3,2,4,3,4,4,4,3,4,3,5,4,4,2.466666666666667,2.9523809523809526,4.230769230769231,2.5555555555555554,3.6666666666666665,2.7142857142857144,2.5714285714285716,3.5714285714285716,4.375,4.0,2.8,2.25,3.6666666666666665
DEMO_058,DEMO_001,demo,30,7.5,4.4,Desarrollo,Junior,Híbrido,No binario,28261,3,2,1,3,4,4,2,4,1,2,2,2,3,2,2,3,2,3,3,3,1,3,2,3,3,3,3,2,3,3,3,2,2,3,3,4,5,4,3,2,3,4,4,4,4,2,2,3,2,2,3,3,2,2,3,4,5,3,3,4,3,3,3,4,2.466666666666667,2.8095238095238098,3.5384615384615383,2.5555555555555554,3.6666666666666665,2.5714285714285716,2.7142857142857144,3.142857142857143,3.625,3.4,2.6,2.5,3.0
DEMO_059,DEMO_001,demo,41,18.4,15.4,Desarrollo,Lead,Híbrido,Hombre,82870,1,2,3,2,3,4,1,3,3,1,4,2,2,3,2,2,2,3,3,3,2,1,2,2,2,2,2,1,3,3,3,3,1,2,3,3,5,5,5,4,4,5,5,4,2,4,2,3,3,3,3,1,2,4,4,3,4,3,3,5,5,5,4,4,2.4,2.571428571428571,4.615384615384615,2.5555555555555554,3.3333333333333335,2.2857142857142856,2.0,3.4285714285714284,4.625,4.6,2.8,2.25,3.6666666666666665
DEMO_060,DEMO_001,demo,43,21.1,12.0,Desarrollo,Senior,Presencial,Hombre,55642,2,3,4,3,3,3,4,2,3,3,2,2,3,1,1,3,2,2,2,2,3,2,3,2,2,1,2,1,2,4,3,3,3,2,4,2,5,5,5,4,5,5,5,5,1,3,1,3,1,2,2,1,3,3,3,4,4,3,4,4,5,4,5,5,2.6,2.380952380952381,4.769230769230769,1.8888888888888888,3.6666666666666665,2.2857142857142856,1.8571428571428572,3.0,4.875,4.6,1.8,2.0,3.3333333333333335
DEMO_061,DEMO_001,demo,43,23.7,16.0,RRHH,Senior,Presencial,Hombre,53312,3,3,2,2,2,2,2,2,3,4,2,3,3,2,3,1,1,1,2,1,1,2,1,1,1,2,3,2,1,2,3,3,3,4,3,3,4,5,4,5,5,5,4,5,3,2,2,4,3,3,2,2,3,4,4,3,4,3,4,5,5,5,5,5,2.533333333333333,1.9523809523809526,4.769230769230769,2.6666666666666665,3.6666666666666665,1.2857142857142858,1.5714285714285714,3.0,4.625,5.0,2.8,2.5,3.6666666666666665
DEMO_062,DEMO_001,demo,34,11.4,7.6,RRHH,Lead,Presencial,Hombre,81440,3,4,4,3,3,2,1,3,2,2,4,3,3,3,3,1,2,1,1,2,3,2,2,1,2,2,1,1,1,2,4,3,4,3,3,3,4,4,4,4,5,5,4,4,1,4,3,3,4,2,2,2,2,4,4,4,4,3,3,4,4,4,4,5,2.8666666666666667,2.0,4.230769230769231,2.5555555555555554,3.3333333333333335,1.7142857142857142,1.4285714285714286,2.857142857142857,4.25,4.2,3.0,2.0,4.0
DEMO_063,DEMO_001,demo,40,18.8,15.2,Desarrollo,Lead,Presencial,Hombre,74896,2,2,3,3,2,2,3,2,2,2,3,3,3,3,3,3,2,2,3,3,3,2,2,2,1,2,3,2,2,3,2,2,3,3,3,3,5,4,4,5,5,4,4,4,3,2,3,2,2,4,3,1,2,3,3,2,4,3,3,4,4,5,3,5,2.533333333333333,2.619047619047619,4.3076923076923075,2.4444444444444446,3.3333333333333335,2.5714285714285716,2.0,3.2857142857142856,4.375,4.2,2.4,2.5,2.6666666666666665
DEMO_064,DEMO_001,demo,39,16.9,8.9,Datos,Lead,Híbrido,Hombre,75538,3,2,2,2,2,2,2,3,1,3,1,2,4,2,1,2,3,3,2,2,2,2,3,2,3,2,2,2,2,4,3,2,1,2,3,3,5,5,5,5,5,5,5,5,2,2,3,2,3,2,1,3,3,3,4,3,4,4,3,5,5,5,4,5,2.1333333333333333,2.6666666666666665,4.923076923076923,2.3333333333333335,3.6666666666666665,2.2857142857142856,2.2857142857142856,3.4285714285714284,5.0,4.8,2.4,2.25,3.3333333333333335
DEMO_065,DEMO_001,demo,32,11.2,9.6,Producto,Mid,Presencial,Hombre,40306,4,3,3,4,2,3,3,3,2,2,3,2,4,3,1,2,3,2,2,3,3,3,2,3,2,3,3,2,3,3,2,4,2,3,2,2,4,4,3,4,4,3,4,4,1,3,2,2,3,3,2,4,3,3,3,3,4,3,3,3,3,4,4,3,2.8,2.857142857142857,3.6153846153846154,2.5555555555555554,3.3333333333333335,2.5714285714285716,2.5714285714285716,3.4285714285714284,3.75,3.4,2.2,3.0,3.0
DEMO_066,DEMO_001,demo,34,17.1,8.0,Producto,Senior,Híbrido,Hombre,56240,3,3,2,2,2,4,3,2,2,2,3,3,2,3,2,3,3,2,2,2,2,2,2,3,2,1,2,3,1,2,3,3,2,2,3,2,5,4,4,4,4,5,4,4,3,3,3,2,1,2,3,2,1,4,2,3,4,4,3,5,4,4,4,5,2.533333333333333,2.619047619047619,4.3076923076923075,2.2222222222222223,3.6666666666666665,2.2857142857142856,2.0,3.5714285714285716,4.25,4.4,2.4,2.0,3.0
DEMO_067,DEMO_001,demo,42,19.5,10.9,Ventas,Junior,Presencial,Hombre,30483,2,3,2,2,3,1,2,4,3,4,3,3,3,2,3,4,3,3,3,3,3,4,2,3,3,2,2,3,3,2,2,1,3,3,2,2,3,3,3,2,3,3,2,4,3,3,2,3,3,4,2,2,3,3,4,4,3,4,4,3,3,1,2,1,2.6666666666666665,3.2380952380952386,2.5384615384615383,2.7777777777777777,3.6666666666666665,3.2857142857142856,2.5714285714285716,3.857142857142857,2.875,2.0,2.8,2.75,3.6666666666666665
DEMO_068,DEMO_001,demo,34,10.9,7.5,Datos,Senior,Híbrido,Hombre,63180,3,3,3,2,1,3,2,2,3,2,2,2,2,4,4,2,1,2,2,2,2,2,1,2,1,3,2,2,2,3,2,3,3,4,3,3,5,5,5,5,5,5,5,5,3,4,3,2,3,3,3,1,3,2,4,3,3,3,3,4,5,4,5,4,2.533333333333333,2.238095238095238,4.769230769230769,2.7777777777777777,3.0,1.8571428571428572,1.8571428571428572,3.0,5.0,4.4,3.0,2.5,3.0
DEMO_069,DEMO_001,demo,41,18.2,11.4,Datos,Senior,Híbrido,No binario,63538,2,2,3,1,2,3,3,2,3,2,3,2,3,1,2,2,2,2,2,3,2,2,1,2,1,3,1,2,2,3,3,4,4,3,4,2,5,4,5,5,5,5,5,5,3,4,2,4,3,2,3,3,3,3,4,3,3,4,2,5,5,4,4,5,2.2666666666666666,2.1904761904761902,4.769230769230769,3.0,3.0,2.142857142857143,1.7142857142857142,2.7142857142857144,4.875,4.6,3.2,2.75,3.3333333333333335
DEMO_070,DEMO_001,demo,38,15.3,9.6,Datos,Senior,Presencial,Hombre,53847,4,2,4,2,4,2,1,3,2,3,3,3,4,1,4,3,1,2,2,2,3,2,2,2,2,1,2,2,2,2,2,2,3,3,3,3,5,5,5,5,5,5,5,5,3,1,3,2,2,2,3,3,2,4,4,3,4,3,4,5,5,5,4,5,2.8,2.4761904761904763,4.923076923076923,2.3333333333333335,3.6666666666666665,2.142857142857143,1.8571428571428572,3.4285714285714284,5.0,4.8,2.2,2.5,3.6666666666666665
DEMO_071,DEMO_001,demo,36,17.6,7.5,Datos,Lead,Híbrido,Mujer,78781,3,2,1,2,4,2,3,2,3,4,3,2,2,3,2,3,2,1,2,2,3,2,2,2,2,2,2,2,2,2,2,3,3,3,2,2,5,5,5,5,4,5,5,5,2,4,1,3,2,2,3,3,2,3,3,2,4,3,3,5,5,5,4,5,2.533333333333333,2.571428571428571,4.846153846153846,2.4444444444444446,3.3333333333333335,2.142857142857143,2.0,3.5714285714285716,4.875,4.8,2.4,2.5,2.6666666666666665
DEMO_072,DEMO_001,demo,38,14.1,9.5,RRHH,Senior,Presencial,No binario,64051,2,4,1,2,2,2,3,2,2,3,4,4,3,2,3,2,2,2,2,1,2,1,2,2,2,1,2,2,1,3,3,2,3,3,3,3,5,4,4,5,4,4,5,5,2,2,2,2,2,3,2,2,3,3,4,4,4,4,3,4,4,4,4,5,2.6,2.1904761904761902,4.384615384615385,2.2222222222222223,3.6666666666666665,1.7142857142857142,1.7142857142857142,3.142857142857143,4.5,4.2,2.0,2.5,3.6666666666666665
DEMO_073,DEMO_001,demo,40,18.0,10.8,Desarrollo,Lead,Presencial,Hombre,75465,2,2,2,1,3,2,3,2,2,2,2,1,4,2,3,2,2,2,2,2,3,3,2,2,2,2,2,2,3,2,2,2,4,3,3,3,5,5,5,5,4,5,3,5,2,2,3,3,3,3,3,2,3,2,4,4,4,4,3,4,4,4,5,4,2.2,2.5714285714285716,4.461538461538462,2.6666666666666665,3.6666666666666665,2.2857142857142856,2.142857142857143,3.2857142857142856,4.625,4.2,2.6,2.75,3.3333333333333335
DEMO_074,DEMO_001,demo,38,16.4,13.1,Desarrollo,Junior,Híbrido,Mujer,30381,1,4,2,3,3,2,2,3,3,3,3,4,4,3,2,3,3,2,3,3,4,3,3,2,3,2,3,2,2,3,3,2,2,3,3,3,4,3,3,4,3,3,3,4,3,2,2,2,2,4,1,3,3,2,3,3,3,2,4,4,4,4,3,2,2.8,2.904761904761905,3.3846153846153846,2.4444444444444446,3.0,3.0,2.4285714285714284,3.2857142857142856,3.375,3.4,2.2,2.75,2.6666666666666665
DEMO_075,DEMO_001,demo,39,16.8,11.9,Desarrollo,Lead,Presencial,Mujer,75241,3,2,3,3,2,3,1,3,3,3,1,1,3,4,3,2,3,3,3,2,2,3,2,3,2,2,2,2,2,3,4,3,4,3,4,3,5,5,5,4,4,4,5,5,3,3,3,4,2,3,3,2,2,3,3,4,4,3,3,4,4,5,5,5,2.533333333333333,2.428571428571429,4.615384615384615,2.7777777777777777,3.3333333333333335,2.5714285714285716,2.142857142857143,2.5714285714285716,4.625,4.6,3.0,2.5,3.3333333333333335
DEMO_076,DEMO_001,demo,42,22.9,17.8,Desarrollo,Junior,Presencial,Mujer,28943,2,3,3,2,3,3,2,2,3,3,3,3,2,3,2,3,3,2,3,3,3,3,3,3,2,2,3,3,3,2,3,2,4,2,2,2,3,4,3,4,4,4,4,3,3,2,4,4,2,3,1,3,3,4,3,3,3,4,4,4,4,4,2,4,2.6,3.0476190476190474,3.6153846153846154,2.7777777777777777,3.6666666666666665,2.857142857142857,2.7142857142857144,3.5714285714285716,3.625,3.6,3.0,2.5,3.3333333333333335
DEMO_077,DEMO_001,demo,36,12.9,8.2,RRHH,Lead,Presencial,Hombre,69545,3,3,2,2,3,2,3,3,2,2,2,3,2,2,4,2,2,2,2,1,2,1,2,2,1,2,2,1,2,3,5,3,3,1,3,3,4,4,5,5,4,5,5,4,4,2,3,3,2,2,3,2,3,3,4,4,3,5,3,5,5,5,3,5,2.533333333333333,2.142857142857143,4.538461538461538,2.6666666666666665,3.6666666666666665,1.7142857142857142,1.7142857142857142,3.0,4.5,4.6,2.8,2.5,3.6666666666666665
DEMO_078,DEMO_001,demo,39,20.3,13.5,Desarrollo,Senior,Presencial,Hombre,66357,3,3,2,3,2,2,3,2,1,3,3,4,3,3,2,3,1,1,2,2,3,3,3,2,2,3,2,2,3,3,3,3,3,2,3,2,5,5,5,5,5,5,4,5,4,2,3,3,2,2,3,3,2,3,3,3,5,3,4,5,4,5,4,4,2.6,2.619047619047619,4.6923076923076925,2.6666666666666665,4.0,2.142857142857143,2.4285714285714284,3.2857142857142856,4.875,4.4,2.8,2.5,3.0
DEMO_079,DEMO_001,demo,36,17.8,10.3,RRHH,Junior,Presencial,Mujer,29072,3,1,3,2,3,2,1,2,2,3,3,3,3,4,3,3,3,2,2,3,2,2,1,2,2,2,1,2,2,3,3,3,3,4,4,2,4,3,5,4,3,3,4,3,2,3,2,3,3,2,3,1,2,4,2,2,4,3,5,4,3,4,3,4,2.533333333333333,2.3333333333333335,3.6153846153846154,2.3333333333333335,4.0,2.4285714285714284,1.7142857142857142,2.857142857142857,3.625,3.6,2.6,2.0,2.6666666666666665
DEMO_080,DEMO_001,demo,40,19.6,16.2,Desarrollo,Mid,Híbrido,Mujer,45287,2,2,3,2,3,2,3,3,1,3,1,4,4,3,3,2,3,2,3,3,2,3,3,3,3,2,2,3,2,4,2,3,2,3,1,3,5,4,4,4,5,4,5,4,3,2,3,3,2,3,2,2,3,3,3,3,3,3,3,5,3,4,5,4,2.6,2.857142857142857,4.3076923076923075,2.5555555555555554,3.0,2.5714285714285716,2.5714285714285716,3.4285714285714284,4.375,4.2,2.6,2.5,3.0
DEMO_081,DEMO_001,demo,37,16.8,14.1,Ventas,Senior,Presencial,Mujer,53577,4,3,1,1,2,3,3,2,3,2,2,1,3,5,1,2,2,2,2,2,2,2,2,2,2,2,3,1,2,1,2,3,3,2,3,1,4,4,5,4,4,4,4,4,2,3,1,1,2,2,2,3,2,3,3,3,3,3,4,4,4,4,4,3,2.4,2.619047619047619,4.0,2.0,3.3333333333333335,2.0,2.0,3.857142857142857,4.125,3.8,1.8,2.25,3.0
DEMO_082,DEMO_001,demo,43,23.4,17.8,Producto,Senior,Presencial,Mujer,61393,3,1,3,4,3,2,4,3,4,3,3,2,4,2,1,2,2,1,2,2,2,2,2,2,2,2,2,2,1,3,3,3,2,3,2,2,5,5,5,5,4,5,4,4,3,1,3,2,4,2,2,3,2,3,3,4,4,3,4,5,4,5,4,4,2.8,2.380952380952381,4.538461538461538,2.4444444444444446,3.6666666666666665,1.8571428571428572,1.8571428571428572,3.4285714285714284,4.625,4.4,2.6,2.25,3.3333333333333335
DEMO_083,DEMO_001,demo,45,23.1,11.7,Producto,Senior,Presencial,Hombre,58787,3,4,3,2,2,3,3,3,3,3,2,2,1,2,4,2,3,2,2,2,2,1,2,2,2,2,2,2,2,3,3,3,2,4,2,4,4,5,4,5,5,4,5,4,1,4,3,3,2,2,3,2,2,3,3,5,3,4,3,4,4,5,4,4,2.6666666666666665,2.3333333333333335,4.384615384615385,2.4444444444444446,3.3333333333333335,2.0,2.0,3.0,4.5,4.2,2.6,2.25,3.6666666666666665
DEMO_084,DEMO_001,demo,28,8.2,4.6,Datos,Lead,Presencial,Hombre,71017,2,3,3,3,4,3,2,3,1,3,3,3,3,3,2,2,2,2,2,2,1,2,2,2,1,2,2,2,2,3,3,3,4,3,3,3,5,5,5,5,5,5,5,5,4,2,3,3,3,2,3,2,3,2,4,3,4,3,4,5,4,5,5,5,2.7333333333333334,2.1904761904761902,4.923076923076923,2.7777777777777777,3.6666666666666665,1.8571428571428572,1.8571428571428572,2.857142857142857,5.0,4.8,3.0,2.5,3.0
DEMO_085,DEMO_001,demo,47,24.9,17.2,Producto,Senior,Presencial,Hombre,62510,4,2,3,3,3,2,3,4,3,3,2,2,3,3,4,2,2,2,2,2,2,2,2,2,2,2,2,2,1,2,2,2,3,2,3,2,5,4,5,4,5,4,4,5,1,4,2,3,2,3,3,2,2,4,3,4,2,3,4,4,4,5,4,4,2.933333333333333,2.5238095238095237,4.384615384615385,2.4444444444444446,3.0,2.0,1.8571428571428572,3.7142857142857144,4.5,4.2,2.4,2.5,3.6666666666666665
DEMO_086,DEMO_001,demo,46,23.9,18.6,Desarrollo,Mid,Presencial,Hombre,40663,3,4,3,1,3,2,3,4,3,2,1,3,1,3,4,2,3,3,3,2,2,2,3,2,3,2,2,2,3,2,3,3,2,2,2,3,4,4,5,5,5,3,4,5,5,2,3,2,2,3,3,3,2,4,3,3,3,4,3,5,4,5,4,4,2.6666666666666665,2.8095238095238098,4.384615384615385,2.7777777777777777,3.3333333333333335,2.4285714285714284,2.4285714285714284,3.5714285714285716,4.375,4.4,2.8,2.75,3.3333333333333335
DEMO_087,DEMO_001,demo,32,10.5,7.7,Producto,Lead,Híbrido,Hombre,73510,3,2,2,3,2,2,1,3,3,4,2,3,2,2,1,3,2,3,2,2,1,3,2,2,2,2,3,3,2,3,3,2,3,3,3,3,5,4,3,4,5,5,5,5,1,2,3,2,3,2,3,3,3,4,5,2,3,4,4,5,5,5,3,5,2.3333333333333335,2.571428571428571,4.538461538461538,2.4444444444444446,3.6666666666666665,2.2857142857142856,2.2857142857142856,3.142857142857143,4.5,4.6,2.2,2.75,3.6666666666666665
DEMO_088,DEMO_001,demo,54,34.2,24.4,Ventas,Senior,Presencial,Mujer,58966,3,2,2,3,3,3,1,2,2,4,3,1,3,2,4,3,3,3,3,3,3,2,2,3,3,3,3,2,2,3,3,3,2,3,3,3,4,5,4,4,4,4,5,3,2,2,4,3,2,2,2,2,2,2,2,4,3,4,2,4,4,3,4,4,2.533333333333333,2.857142857142857,4.0,2.3333333333333335,3.0,2.857142857142857,2.5714285714285716,3.142857142857143,4.125,3.8,2.6,2.0,2.6666666666666665
DEMO_089,DEMO_001,demo,39,20.9,13.7,Datos,Senior,Presencial,Mujer,58213,2,4,4,3,2,3,3,1,3,3,3,3,3,3,3,3,2,1,2,2,2,2,2,2,1,1,2,1,1,3,3,1,3,3,3,3,5,5,5,5,5,5,5,5,2,2,2,3,3,3,2,2,4,3,3,3,4,3,3,5,5,5,5,5,2.8666666666666667,2.238095238095238,5.0,2.5555555555555554,3.3333333333333335,2.0,1.4285714285714286,3.2857142857142856,5.0,5.0,2.4,2.75,3.0
DEMO_090,DEMO_001,demo,41,23.7,16.3,Datos,Senior,Presencial,Hombre,58939,3,4,2,2,2,1,2,3,4,3,2,3,4,3,2,2,2,2,2,1,2,2,2,1,2,2,2,1,2,3,3,3,3,3,2,3,5,5,5,5,5,5,5,5,3,3,3,3,4,2,2,2,2,3,3,2,2,3,4,5,5,5,5,4,2.6666666666666665,2.2380952380952377,4.923076923076923,2.6666666666666665,3.0,1.8571428571428572,1.7142857142857142,3.142857142857143,5.0,4.8,3.2,2.0,2.6666666666666665
DEMO_091,DEMO_001,demo,49,26.5,19.1,RRHH,Senior,Presencial,Mujer,61971,4,2,3,3,2,3,3,2,4,2,3,2,1,3,2,2,3,2,1,1,2,1,2,1,1,1,2,1,2,3,3,3,3,3,3,4,5,4,5,4,5,5,5,5,3,2,2,3,1,3,2,2,2,3,3,3,4,4,3,4,5,5,4,5,2.6,2.0,4.6923076923076925,2.2222222222222223,3.6666666666666665,1.7142857142857142,1.4285714285714286,2.857142857142857,4.75,4.6,2.2,2.25,3.0
DEMO_092,DEMO_001,demo,33,13.4,6.0,Desarrollo,Mid,Presencial,Hombre,42018,1,3,1,2,3,3,3,2,4,4,2,2,2,2,3,3,3,3,3,2,2,2,3,2,2,2,2,2,2,3,2,3,3,3,3,4,4,5,4,5,5,4,4,4,3,3,3,4,3,1,2,2,3,4,3,3,3,4,2,5,4,5,4,4,2.466666666666667,2.5714285714285716,4.384615384615385,2.6666666666666665,3.0,2.5714285714285716,2.142857142857143,3.0,4.375,4.4,3.2,2.0,3.3333333333333335
DEMO_093,DEMO_001,demo,30,7.5,4.4,Producto,Mid,Presencial,Mujer,39419,2,3,3,3,2,3,3,4,2,2,2,2,1,1,1,3,3,2,3,3,4,3,2,2,2,1,3,2,3,3,4,2,2,3,3,2,4,4,5,3,3,4,3,4,3,2,3,3,2,3,3,2,2,3,4,5,3,5,4,4,3,3,4,4,2.2666666666666666,2.809523809523809,3.6923076923076925,2.5555555555555554,4.0,3.0,2.142857142857143,3.2857142857142856,3.75,3.6,2.6,2.5,4.0
DEMO_094,DEMO_001,demo,35,13.8,11.1,RRHH,Mid,Híbrido,Mujer,46219,3,3,3,3,2,3,4,3,3,3,2,3,3,4,2,2,2,1,2,2,3,2,2,1,3,3,2,2,3,2,3,3,3,3,2,4,5,4,4,4,4,4,3,4,4,4,2,3,2,2,2,2,3,3,3,4,4,4,3,4,4,4,4,5,2.933333333333333,2.4761904761904763,4.076923076923077,2.6666666666666665,3.6666666666666665,2.0,2.2857142857142856,3.142857142857143,4.0,4.2,3.0,2.25,3.3333333333333335
DEMO_095,DEMO_001,demo,39,15.9,13.3,Desarrollo,Mid,Híbrido,Hombre,46693,3,3,4,2,4,4,3,4,2,2,4,2,2,3,1,2,3,3,3,3,3,2,2,3,2,2,3,2,3,3,2,3,2,2,4,1,4,4,3,4,4,5,4,4,1,2,2,2,4,2,2,2,2,3,3,2,4,4,3,4,4,4,5,4,2.8666666666666667,2.9047619047619047,4.076923076923077,2.111111111111111,3.6666666666666665,2.7142857142857144,2.4285714285714284,3.5714285714285716,4.0,4.2,2.2,2.0,2.6666666666666665
DEMO_096,DEMO_001,demo,40,19.5,17.0,Producto,Lead,Presencial,Hombre,73767,3,2,3,3,3,3,2,3,2,2,2,2,3,2,2,3,3,4,2,3,2,3,2,2,3,1,2,2,3,3,3,4,2,3,4,3,4,5,4,5,5,5,5,5,3,4,2,2,2,2,3,2,4,3,3,4,3,5,3,4,5,4,4,4,2.466666666666667,2.619047619047619,4.538461538461538,2.6666666666666665,3.6666666666666665,2.857142857142857,2.142857142857143,2.857142857142857,4.75,4.2,2.6,2.75,3.3333333333333335
DEMO_097,DEMO_001,demo,42,20.3,11.7,Producto,Junior,Presencial,Mujer,25720,2,3,3,2,4,1,3,3,3,3,2,3,2,2,3,2,3,3,3,2,3,3,2,3,3,3,3,2,3,4,2,3,2,2,2,3,3,3,2,4,3,4,2,3,2,3,3,2,2,3,3,3,3,3,4,5,3,4,4,4,3,3,2,3,2.6,2.9523809523809526,3.0,2.6666666666666665,3.6666666666666665,2.7142857142857144,2.7142857142857144,3.4285714285714284,3.0,3.0,2.4,3.0,4.0
DEMO_098,DEMO_001,demo,49,25.1,15.7,Desarrollo,Senior,Presencial,Mujer,61268,3,4,2,5,4,2,1,1,3,3,3,2,2,3,4,2,3,2,2,2,2,3,2,2,2,3,2,2,2,3,2,3,3,2,3,3,4,5,5,4,5,5,5,5,4,3,2,3,4,3,3,3,2,3,3,3,4,4,3,4,4,5,5,5,2.8,2.5714285714285716,4.6923076923076925,3.0,3.6666666666666665,2.2857142857142856,2.142857142857143,3.2857142857142856,4.75,4.6,3.2,2.75,3.0
DEMO_099,DEMO_001,demo,32,9.0,3.9,RRHH,Senior,Presencial,Hombre,58057,3,3,3,3,1,1,3,3,2,3,3,2,4,2,1,1,2,1,3,1,1,2,1,2,2,1,1,1,2,3,2,2,4,3,3,3,4,4,5,5,4,4,5,5,3,3,2,1,2,3,2,3,2,3,3,3,3,4,4,5,5,4,5,4,2.466666666666667,2.0476190476190474,4.538461538461538,2.3333333333333335,3.6666666666666665,1.5714285714285714,1.4285714285714286,3.142857142857143,4.5,4.6,2.2,2.5,3.0
DEMO_100,DEMO_001,demo,29,4.1,3.5,RRHH,Senior,Híbrido,Hombre,60236,3,3,3,1,2,2,2,3,3,3,3,4,4,3,3,1,2,2,1,2,1,2,1,2,2,1,1,2,1,3,3,3,3,3,2,3,5,5,5,5,5,5,4,5,1,3,4,3,2,1,2,2,2,3,3,4,4,4,3,4,5,5,4,5,2.8,2.0476190476190474,4.769230769230769,2.2222222222222223,3.6666666666666665,1.5714285714285714,1.4285714285714286,3.142857142857143,4.875,4.6,2.6,1.75,3.3333333333333335
DEMO_101,DEMO_001,demo,40,19.5,16.6,Desarrollo,Mid,Presencial,Hombre,40822,2,3,1,2,4,4,3,2,4,4,3,3,2,2,2,4,3,2,3,3,3,3,2,3,2,2,3,3,2,3,2,3,3,3,3,3,4,4,5,5,5,4,4,3,3,2,2,2,2,3,2,2,2,4,3,5,3,5,3,3,5,4,5,3,2.7333333333333334,2.857142857142857,4.153846153846154,2.2222222222222223,3.6666666666666665,3.0,2.4285714285714284,3.142857142857143,4.25,4.0,2.2,2.25,4.0
DEMO_102,DEMO_001,demo,37,14.4,7.0,Datos,Senior,Presencial,No binario,64677,2,3,4,3,4,2,3,2,1,3,3,2,2,3,3,2,1,2,2,3,1,2,1,2,1,2,2,1,2,2,3,3,4,3,3,3,4,5,5,5,5,5,5,5,3,2,2,2,3,1,2,4,3,3,4,4,2,4,3,5,5,5,5,5,2.6666666666666665,2.142857142857143,4.923076923076923,2.4444444444444446,3.0,1.8571428571428572,1.5714285714285714,3.0,4.875,5.0,2.4,2.5,3.6666666666666665
DEMO_103,DEMO_001,demo,37,19.7,9.8,Producto,Lead,Presencial,Mujer,74231,3,3,2,3,3,2,2,3,2,3,1,3,3,3,2,3,2,2,3,2,3,2,2,3,2,2,2,3,3,2,2,3,2,3,3,3,5,5,4,5,4,5,5,4,2,3,4,2,3,3,2,3,3,3,4,3,4,3,4,4,5,4,3,3,2.533333333333333,2.7619047619047614,4.3076923076923075,2.7777777777777777,3.6666666666666665,2.4285714285714284,2.4285714285714284,3.4285714285714284,4.625,3.8,2.8,2.75,3.3333333333333335
DEMO_104,DEMO_001,demo,28,4.8,2.1,Datos,Lead,Presencial,No binario,79817,1,3,2,2,2,3,3,1,4,3,2,1,3,3,3,2,2,4,2,2,2,2,2,2,2,3,2,2,3,3,3,2,3,1,2,3,5,5,5,5,5,5,5,5,2,3,3,3,2,2,2,2,2,4,4,3,2,4,4,5,5,5,5,5,2.4,2.714285714285714,5.0,2.3333333333333335,3.3333333333333335,2.2857142857142856,2.2857142857142856,3.5714285714285716,5.0,5.0,2.6,2.0,3.6666666666666665
DEMO_105,DEMO_001,demo,42,24.5,14.4,RRHH,Senior,Híbrido,Hombre,62012,3,2,3,2,2,5,4,2,3,3,4,3,3,3,3,2,2,2,2,1,2,2,2,1,2,1,2,1,2,4,1,3,3,3,4,3,5,5,5,5,5,4,5,5,2,2,2,2,3,2,2,2,2,3,4,2,4,3,3,5,4,5,4,4,3.0,2.142857142857143,4.6923076923076925,2.111111111111111,3.3333333333333335,1.8571428571428572,1.5714285714285714,3.0,4.875,4.4,2.2,2.0,3.0
DEMO_106,DEMO_001,demo,42,23.8,21.1,Desarrollo,Senior,Presencial,Hombre,64974,1,1,3,3,3,2,5,4,3,3,2,3,3,3,4,3,2,2,3,3,3,2,2,1,2,4,2,2,2,2,3,2,3,4,3,3,5,4,4,5,4,4,5,5,3,3,2,3,3,2,2,2,3,4,2,3,4,4,4,5,5,4,4,5,2.8666666666666667,2.619047619047619,4.538461538461538,2.5555555555555554,4.0,2.5714285714285716,2.142857142857143,3.142857142857143,4.5,4.6,2.8,2.25,3.0
DEMO_107,DEMO_001,demo,36,18.9,8.0,RRHH,Junior,Híbrido,Hombre,29699,3,4,3,2,4,3,2,2,3,3,4,2,4,2,3,2,2,3,2,3,3,2,2,2,1,2,2,1,3,3,3,2,3,3,2,3,3,3,3,3,4,3,4,4,2,3,2,3,1,2,3,2,3,3,2,3,5,4,4,4,3,4,3,4,2.933333333333333,2.5238095238095237,3.4615384615384617,2.3333333333333335,4.333333333333333,2.4285714285714284,1.8571428571428572,3.2857142857142856,3.375,3.6,2.2,2.5,2.6666666666666665
DEMO_108,DEMO_001,demo,57,35.4,30.5,Desarrollo,Mid,Presencial,Hombre,40889,4,2,4,2,2,3,2,3,2,2,3,2,3,3,4,2,3,2,3,3,2,1,1,3,2,3,2,2,2,4,2,2,2,2,3,2,4,5,4,4,3,4,4,4,2,2,2,2,2,2,2,1,3,3,3,3,3,4,4,5,4,4,4,5,2.7333333333333334,2.6666666666666665,4.153846153846154,2.0,3.6666666666666665,2.2857142857142856,2.142857142857143,3.5714285714285716,4.0,4.4,2.0,2.0,3.0
DEMO_109,DEMO_001,demo,29,7.0,5.9,Desarrollo,Senior,Híbrido,Mujer,58483,3,3,1,3,3,2,4,3,3,3,3,3,4,2,2,3,2,2,3,2,2,2,2,4,3,3,2,2,2,4,3,3,3,2,2,2,5,5,4,5,5,5,5,5,2,3,2,2,2,2,3,1,3,2,3,4,4,4,4,5,5,5,5,5,2.8,2.714285714285714,4.923076923076923,2.2222222222222223,4.0,2.2857142857142856,2.5714285714285716,3.2857142857142856,4.875,5.0,2.2,2.25,3.0
DEMO_110,DEMO_001,demo,45,20.9,11.6,Producto,Lead,Presencial,Mujer,82380,3,3,2,1,1,2,2,1,2,3,3,3,4,2,4,2,2,3,3,3,3,2,1,2,3,2,2,2,2,2,2,2,3,2,3,3,5,4,3,4,5,4,5,5,4,3,4,3,3,1,2,2,2,4,2,3,3,3,4,3,4,4,4,5,2.4,2.714285714285714,4.230769230769231,2.6666666666666665,3.3333333333333335,2.5714285714285716,2.0,3.5714285714285716,4.375,4.0,3.4,1.75,3.0
DEMO_111,DEMO_001,demo,33,12.1,10.6,Desarrollo,Senior,Presencial,Hombre,64614,2,3,2,2,3,2,3,4,2,4,2,2,3,3,3,3,2,3,2,2,2,2,2,2,2,2,2,2,2,2,2,3,2,2,3,3,4,5,4,5,5,5,5,4,3,3,3,1,4,2,1,2,3,3,3,4,4,5,3,4,5,5,4,4,2.6666666666666665,2.619047619047619,4.538461538461538,2.4444444444444446,4.0,2.2857142857142856,2.0,3.5714285714285716,4.625,4.4,2.8,2.0,3.3333333333333335
DEMO_112,DEMO_001,demo,32,11.9,8.2,Datos,Senior,Presencial,Hombre,66073,3,4,3,3,2,2,2,3,2,3,3,3,3,1,2,2,2,2,2,2,2,2,2,1,2,2,2,1,2,2,3,2,3,3,3,3,5,5,5,5,5,5,5,5,3,3,2,2,3,3,2,2,2,2,3,3,4,3,3,5,5,4,4,5,2.6,2.3333333333333335,4.846153846153846,2.4444444444444446,3.3333333333333335,2.0,1.7142857142857142,3.2857142857142856,5.0,4.6,2.6,2.25,2.6666666666666665
DEMO_113,DEMO_001,demo,29,8.0,5.3,Desarrollo,Junior,Híbrido,No binario,29313,2,1,2,2,2,1,4,3,3,3,3,3,2,3,4,3,4,3,4,3,3,3,4,2,4,2,3,2,3,1,3,3,3,2,3,3,3,3,4,4,3,3,4,4,2,2,3,3,2,3,1,3,2,2,3,3,4,4,4,3,2,4,3,4,2.533333333333333,3.1904761904761902,3.3846153846153846,2.3333333333333335,4.0,3.2857142857142856,2.857142857142857,3.4285714285714284,3.5,3.2,2.4,2.25,2.6666666666666665
DEMO_114,DEMO_001,demo,45,26.3,17.6,Desarrollo,Senior,Presencial,No binario,60035,2,3,3,4,5,2,4,3,2,4,3,2,3,2,3,3,3,2,3,2,1,2,2,1,2,3,2,2,2,3,3,2,4,2,3,3,4,5,4,4,5,5,5,5,2,3,4,3,2,3,3,3,3,3,3,4,3,4,4,4,4,5,4,4,3.0,2.4761904761904763,4.461538461538462,2.888888888888889,3.6666666666666665,2.2857142857142856,2.0,3.142857142857143,4.625,4.2,2.8,3.0,3.3333333333333335
DEMO_115,DEMO_001,demo,33,8.6,6.7,Producto,Junior,Presencial,Mujer,30746,2,2,3,3,3,2,3,2,2,2,3,2,3,3,3,2,4,3,3,4,3,3,3,3,3,2,3,3,3,3,3,3,3,3,3,2,4,2,3,4,3,4,3,4,3,2,3,2,3,2,3,2,2,4,3,3,2,4,3,3,3,4,3,2,2.533333333333333,3.0476190476190474,3.230769230769231,2.4444444444444446,3.0,3.142857142857143,2.857142857142857,3.142857142857143,3.375,3.0,2.6,2.25,3.3333333333333335
DEMO_116,DEMO_001,demo,34,14.1,12.1,Ventas,Senior,Presencial,Hombre,60364,2,2,3,2,5,2,2,3,2,2,4,2,4,2,3,3,3,3,3,2,2,3,2,2,3,3,2,2,2,2,3,2,3,2,3,2,4,4,4,3,3,4,4,4,3,4,2,2,2,3,2,2,2,3,3,2,4,3,3,4,3,4,4,3,2.6666666666666665,2.857142857142857,3.6923076923076925,2.4444444444444446,3.3333333333333335,2.7142857142857144,2.2857142857142856,3.5714285714285716,3.75,3.6,2.6,2.25,2.6666666666666665
DEMO_117,DEMO_001,demo,35,17.8,13.2,Datos,Mid,Presencial,No binario,46228,2,2,3,2,4,2,3,3,3,1,3,3,3,1,3,2,2,2,3,3,2,2,2,3,2,2,3,2,2,2,3,3,3,3,4,2,5,4,4,5,4,5,5,5,2,4,2,2,3,2,3,3,2,3,4,3,4,5,4,5,4,4,5,5,2.533333333333333,2.571428571428571,4.615384615384615,2.5555555555555554,4.333333333333333,2.2857142857142856,2.2857142857142856,3.142857142857143,4.625,4.6,2.6,2.5,3.3333333333333335
DEMO_118,DEMO_001,demo,41,22.7,9.8,Desarrollo,Lead,Presencial,Mujer,83138,2,3,2,2,2,3,2,4,2,3,2,3,3,2,2,3,2,2,3,3,3,2,3,3,2,2,2,3,2,3,2,2,3,3,3,3,5,5,5,5,5,5,4,4,3,3,2,2,3,2,2,3,2,3,4,3,3,4,3,5,5,5,5,5,2.466666666666667,2.7619047619047614,4.846153846153846,2.4444444444444446,3.3333333333333335,2.5714285714285716,2.4285714285714284,3.2857142857142856,4.75,5.0,2.6,2.25,3.3333333333333335
DEMO_119,DEMO_001,demo,46,24.0,16.1,Datos,Mid,Presencial,Mujer,44838,3,3,2,2,3,2,1,4,2,2,2,2,3,2,2,2,2,3,2,3,1,1,2,2,1,2,2,2,2,2,2,3,2,3,3,2,4,5,4,4,4,4,5,4,2,2,3,3,4,2,2,2,2,4,3,4,4,4,4,5,5,5,4,4,2.3333333333333335,2.4761904761904763,4.384615384615385,2.4444444444444446,4.0,2.0,1.8571428571428572,3.5714285714285716,4.25,4.6,2.8,2.0,3.6666666666666665
DEMO_120,DEMO_001,demo,40,18.1,8.2,Ventas,Senior,Presencial,No binario,59459,3,2,3,3,2,4,3,3,3,2,3,2,2,3,4,2,3,2,2,2,3,3,3,2,2,3,2,3,3,3,2,4,2,2,2,2,4,4,3,4,3,4,4,4,2,2,3,2,2,3,1,3,2,3,5,3,3,4,3,4,5,5,5,4,2.8,2.857142857142857,4.076923076923077,2.2222222222222223,3.3333333333333335,2.4285714285714284,2.5714285714285716,3.5714285714285716,3.75,4.6,2.2,2.25,3.6666666666666665
DEMO_121,DEMO_001,demo,47,23.4,16.3,Ventas,Lead,Híbrido,Mujer,76355,3,3,2,3,2,2,4,2,3,2,3,2,5,2,2,2,2,3,3,3,3,3,3,3,1,2,2,2,3,2,3,2,3,2,3,3,4,4,4,3,4,4,4,5,2,3,1,2,2,3,2,3,3,4,2,2,4,4,3,3,3,4,4,3,2.6666666666666665,2.8095238095238098,3.769230769230769,2.3333333333333335,3.6666666666666665,2.7142857142857144,2.2857142857142856,3.4285714285714284,4.0,3.4,2.0,2.75,2.6666666666666665
DEMO_122,DEMO_001,demo,47,25.3,14.5,Producto,Senior,Presencial,Mujer,59572,4,3,3,3,3,2,3,2,2,3,2,3,3,5,2,3,3,2,2,3,2,2,1,2,2,2,1,3,3,3,2,3,3,3,3,2,5,4,5,4,5,4,5,4,4,3,5,2,2,1,2,3,3,2,4,3,4,4,4,5,5,5,5,5,2.8666666666666667,2.5714285714285716,4.6923076923076925,2.7777777777777777,4.0,2.4285714285714284,2.0,3.2857142857142856,4.5,5.0,3.2,2.25,3.0
DEMO_123,DEMO_001,demo,35,14.1,8.7,Ventas,Senior,Híbrido,Hombre,61352,4,3,2,3,3,3,2,3,3,2,1,3,4,1,3,3,2,3,3,3,2,3,3,2,3,3,2,2,3,3,3,3,2,3,3,3,3,4,4,4,4,4,5,4,3,2,3,3,4,2,2,3,3,1,2,3,4,3,3,4,4,4,3,4,2.6666666666666665,2.8095238095238098,3.923076923076923,2.7777777777777777,3.3333333333333335,2.7142857142857144,2.5714285714285716,3.142857142857143,4.0,3.8,3.0,2.5,2.0
DEMO_124,DEMO_001,demo,40,15.8,11.7,Datos,Senior,Presencial,Hombre,65954,4,2,2,4,3,4,3,2,3,4,2,2,1,4,3,2,2,2,2,4,2,2,1,1,2,2,2,2,1,3,4,2,2,2,3,3,5,5,5,5,5,5,5,5,2,2,2,3,3,2,3,2,3,5,3,3,4,2,4,5,5,5,4,5,2.8666666666666667,2.380952380952381,4.923076923076923,2.4444444444444446,3.3333333333333335,2.2857142857142856,1.5714285714285714,3.2857142857142856,5.0,4.8,2.4,2.5,3.6666666666666665
DEMO_125,DEMO_001,demo,44,22.6,12.4,Desarrollo,Lead,Presencial,Hombre,80932,3,2,3,3,3,3,2,3,2,4,1,3,3,2,4,3,2,3,2,3,1,2,2,3,2,2,2,3,2,3,2,3,2,3,2,2,5,4,5,5,5,5,5,5,3,3,2,4,2,3,2,2,2,4,2,3,4,4,4,4,4,4,5,4,2.7333333333333334,2.714285714285714,4.615384615384615,2.5555555555555554,4.0,2.2857142857142856,2.2857142857142856,3.5714285714285716,4.875,4.2,2.8,2.25,3.0
DEMO_126,DEMO_001,demo,43,18.3,10.2,Ventas,Senior,Presencial,Mujer,56718,3,5,3,2,4,3,4,2,3,2,4,4,2,4,3,3,2,2,2,2,3,3,3,2,3,2,2,2,2,3,3,3,3,3,3,2,5,5,4,4,5,4,5,4,3,3,3,3,3,2,3,2,3,4,3,4,3,3,4,4,3,4,3,4,3.2,2.6190476190476186,4.153846153846154,2.7777777777777777,3.3333333333333335,2.4285714285714284,2.2857142857142856,3.142857142857143,4.5,3.6,3.0,2.5,3.6666666666666665
DEMO_127,DEMO_001,demo,39,18.6,14.9,Desarrollo,Lead,Presencial,Mujer,74428,2,4,3,3,3,3,2,2,2,1,3,2,2,3,3,2,2,3,3,2,3,2,2,2,3,2,3,3,2,2,3,4,3,3,3,2,5,5,5,5,4,4,4,4,3,1,2,2,3,2,2,4,2,4,3,2,4,3,3,4,5,5,5,5,2.533333333333333,2.6666666666666665,4.615384615384615,2.3333333333333335,3.3333333333333335,2.4285714285714284,2.4285714285714284,3.142857142857143,4.5,4.8,2.2,2.5,3.0
DEMO_128,DEMO_001,demo,49,29.4,23.3,Desarrollo,Senior,Presencial,Hombre,58989,3,2,3,3,3,3,2,3,2,3,2,2,3,2,1,3,2,3,1,2,1,3,2,2,2,2,2,2,1,3,3,2,3,4,3,3,5,5,5,5,4,5,4,5,4,3,3,2,2,2,3,3,3,3,3,4,3,4,4,4,4,4,5,5,2.466666666666667,2.3333333333333335,4.615384615384615,2.7777777777777777,3.6666666666666665,2.142857142857143,1.8571428571428572,3.0,4.75,4.4,2.8,2.75,3.3333333333333335
DEMO_129,DEMO_001,demo,36,18.0,10.6,Datos,Mid,Presencial,Mujer,45921,2,1,3,3,2,2,3,2,3,3,2,4,4,2,2,2,3,2,2,2,3,2,2,2,2,3,2,2,2,3,2,2,3,3,1,3,5,4,4,5,4,5,5,4,2,1,2,2,3,2,2,2,2,3,2,3,4,5,4,5,3,4,5,5,2.533333333333333,2.6666666666666665,4.461538461538462,2.0,4.333333333333333,2.2857142857142856,2.142857142857143,3.5714285714285716,4.5,4.4,2.0,2.0,2.6666666666666665
DEMO_130,DEMO_001,demo,37,18.2,12.3,RRHH,Mid,Presencial,Mujer,44459,2,4,3,4,2,3,2,3,3,2,2,2,2,3,3,1,2,2,1,2,2,2,1,2,1,2,2,1,2,3,3,4,4,3,3,4,4,5,4,5,4,4,4,4,2,3,3,1,2,2,3,2,2,3,4,5,4,4,3,5,3,3,2,4,2.6666666666666665,1.9523809523809526,3.923076923076923,2.2222222222222223,3.6666666666666665,1.7142857142857142,1.5714285714285714,2.5714285714285716,4.25,3.4,2.2,2.25,4.0
DEMO_131,DEMO_001,demo,41,21.0,13.2,Desarrollo,Lead,Híbrido,Hombre,81806,4,3,3,3,3,2,2,2,3,4,3,2,4,2,2,4,2,3,3,3,3,2,2,3,2,1,3,2,2,3,2,3,4,2,3,3,5,5,5,4,5,4,4,4,2,3,2,2,1,3,3,3,3,2,4,4,4,3,4,4,5,4,4,5,2.8,2.714285714285714,4.461538461538462,2.4444444444444446,3.6666666666666665,2.857142857142857,2.142857142857143,3.142857142857143,4.5,4.4,2.0,3.0,3.3333333333333335
DEMO_132,DEMO_001,demo,37,16.2,12.9,Desarrollo,Lead,Presencial,Hombre,75634,3,2,3,4,3,2,2,2,4,2,2,2,4,3,2,3,3,2,3,2,3,4,2,2,2,2,3,2,2,4,3,2,3,2,3,3,5,5,4,5,4,5,5,4,2,2,4,3,3,2,3,2,2,4,3,4,3,3,4,4,5,5,4,5,2.6666666666666665,2.714285714285714,4.615384615384615,2.5555555555555554,3.3333333333333335,2.857142857142857,2.142857142857143,3.142857142857143,4.625,4.6,2.8,2.25,3.6666666666666665
DEMO_133,DEMO_001,demo,31,13.7,9.8,Desarrollo,Junior,Híbrido,Hombre,27709,3,2,3,3,2,2,3,2,4,5,1,2,3,3,3,2,2,3,3,3,2,3,2,2,2,3,3,2,2,2,2,3,2,3,2,4,4,4,3,4,4,4,4,3,4,3,2,4,3,3,3,2,3,2,3,4,3,3,4,4,3,3,2,3,2.7333333333333334,2.7619047619047623,3.4615384615384617,3.0,3.3333333333333335,2.5714285714285716,2.2857142857142856,3.4285714285714284,3.75,3.0,3.2,2.75,3.0
DEMO_134,DEMO_001,demo,46,26.4,18.1,Datos,Junior,Presencial,Hombre,29605,3,2,4,4,3,1,3,3,3,4,2,3,2,3,1,3,3,2,3,3,3,3,2,4,3,3,2,2,3,3,4,3,3,4,3,2,4,4,4,4,4,4,4,4,3,3,2,2,2,2,1,3,3,2,2,2,3,4,3,4,4,4,3,2,2.7333333333333334,2.8095238095238098,3.769230769230769,2.3333333333333335,3.3333333333333335,2.857142857142857,2.7142857142857144,2.857142857142857,4.0,3.4,2.4,2.25,2.0
DEMO_135,DEMO_001,demo,38,16.2,13.5,Producto,Junior,Híbrido,Mujer,30986,2,3,3,1,2,3,3,3,3,1,4,3,2,2,3,3,3,2,3,2,2,2,2,3,2,2,2,2,2,3,2,3,3,3,3,3,3,4,4,4,3,3,3,3,3,3,2,3,2,2,2,2,2,4,2,3,4,3,4,3,3,3,3,3,2.533333333333333,2.571428571428571,3.230769230769231,2.3333333333333335,3.6666666666666665,2.4285714285714284,2.142857142857143,3.142857142857143,3.375,3.0,2.6,2.0,3.0
DEMO_136,DEMO_001,demo,45,21.3,11.2,Datos,Senior,Presencial,Hombre,64338,3,3,2,2,2,2,3,1,3,4,2,3,1,1,2,3,3,2,2,1,2,2,2,1,2,2,2,1,2,2,3,2,2,2,2,3,5,5,5,5,5,5,5,5,3,3,3,2,3,3,3,2,3,3,3,4,4,4,4,5,5,5,5,5,2.2666666666666666,2.5238095238095237,5.0,2.7777777777777777,4.0,2.142857142857143,1.7142857142857142,3.7142857142857144,5.0,5.0,2.8,2.75,3.3333333333333335
DEMO_137,DEMO_001,demo,47,23.3,19.3,Desarrollo,Senior,Presencial,Mujer,61849,3,1,3,3,2,2,3,2,3,1,3,1,4,2,2,2,3,2,2,3,1,2,2,3,1,2,2,2,2,3,3,5,2,3,3,3,5,5,5,4,5,5,5,5,1,2,2,2,1,3,1,2,2,2,3,4,3,4,4,5,5,5,5,5,2.3333333333333335,2.3333333333333335,4.923076923076923,1.7777777777777777,3.6666666666666665,2.142857142857143,2.0,2.857142857142857,4.875,5.0,1.6,2.0,3.0
DEMO_138,DEMO_001,demo,30,8.2,3.5,Desarrollo,Mid,Presencial,Mujer,44689,3,3,1,2,4,3,1,3,2,1,2,4,3,3,2,2,3,3,3,2,3,3,2,1,2,3,2,3,2,2,1,3,3,2,2,3,4,4,5,5,5,4,4,4,3,2,1,3,3,2,3,2,3,4,3,4,4,4,4,5,5,3,4,4,2.466666666666667,2.8571428571428577,4.3076923076923075,2.4444444444444446,4.0,2.7142857142857144,2.142857142857143,3.7142857142857144,4.375,4.2,2.4,2.5,3.6666666666666665
DEMO_139,DEMO_001,demo,42,23.1,11.8,Datos,Senior,Presencial,Hombre,58639,2,2,4,3,2,2,4,2,1,3,3,2,2,2,3,2,2,3,2,2,2,2,2,2,1,1,2,2,2,2,3,3,4,3,3,2,5,5,4,5,5,5,5,5,3,3,2,4,4,3,1,3,2,4,3,2,2,4,4,5,5,4,5,5,2.466666666666667,2.3333333333333335,4.846153846153846,2.7777777777777777,3.3333333333333335,2.142857142857143,1.7142857142857142,3.142857142857143,4.875,4.8,3.2,2.25,3.0
DEMO_140,DEMO_001,demo,35,14.6,6.7,Producto,Senior,Híbrido,Hombre,58954,3,3,3,2,2,2,1,2,3,3,4,2,1,2,2,3,3,2,2,2,3,1,2,1,1,2,3,2,2,3,3,3,3,2,2,3,4,5,5,5,4,5,5,5,2,1,3,3,3,3,3,4,3,3,3,3,4,3,3,5,4,4,5,5,2.3333333333333335,2.476190476190476,4.6923076923076925,2.7777777777777777,3.3333333333333335,2.2857142857142856,1.8571428571428572,3.2857142857142856,4.75,4.6,2.4,3.25,3.0
DEMO_141,DEMO_001,demo,40,22.0,10.1,Ventas,Junior,Presencial,Mujer,30182,4,3,2,4,3,3,3,3,2,3,1,3,3,4,3,3,2,3,4,3,3,4,3,4,2,2,2,3,3,3,2,2,2,2,3,3,3,3,2,2,3,2,3,2,3,3,3,3,3,2,2,2,2,4,3,2,4,4,4,3,3,4,2,3,2.933333333333333,3.142857142857143,2.6923076923076925,2.5555555555555554,4.0,3.142857142857143,2.7142857142857144,3.5714285714285716,2.5,3.0,3.0,2.0,3.0
DEMO_142,DEMO_001,demo,43,19.2,8.9,Datos,Lead,Presencial,Hombre,75759,3,2,4,2,2,3,4,3,3,3,4,2,4,3,3,2,3,2,2,2,2,2,2,2,2,2,2,1,2,2,4,3,3,3,3,3,5,4,5,5,5,4,4,5,2,3,3,2,3,2,2,2,1,3,3,2,4,4,4,5,5,5,5,5,3.0,2.3333333333333335,4.769230769230769,2.2222222222222223,4.0,2.142857142857143,1.8571428571428572,3.0,4.625,5.0,2.6,1.75,2.6666666666666665
DEMO_143,DEMO_001,demo,33,14.4,9.1,Desarrollo,Senior,Presencial,Mujer,61212,3,3,5,2,3,1,2,3,4,2,2,1,3,4,3,2,3,2,3,3,2,3,2,1,2,3,2,3,3,3,2,2,3,3,2,2,5,5,5,4,5,4,5,5,2,3,3,2,3,3,2,3,2,3,3,4,4,4,3,5,3,5,5,4,2.7333333333333334,2.8095238095238098,4.615384615384615,2.5555555555555554,3.6666666666666665,2.5714285714285716,2.2857142857142856,3.5714285714285716,4.75,4.4,2.6,2.5,3.3333333333333335
DEMO_144,DEMO_001,demo,32,8.8,6.9,Ventas,Senior,Presencial,Mujer,61062,3,2,2,3,3,4,2,2,3,2,3,2,3,1,3,2,3,2,3,2,2,1,2,2,3,2,2,3,2,3,2,4,3,2,2,4,4,4,3,4,4,5,4,5,3,3,2,2,2,4,2,2,2,3,4,3,4,4,3,4,4,3,4,5,2.533333333333333,2.5238095238095237,4.076923076923077,2.4444444444444446,3.6666666666666665,2.142857142857143,2.2857142857142856,3.142857142857143,4.125,4.0,2.4,2.5,3.3333333333333335
DEMO_145,DEMO_001,demo,38,17.8,13.5,Desarrollo,Lead,Presencial,Hombre,72832,1,2,2,2,3,5,1,2,2,3,2,2,3,2,3,2,2,1,3,3,3,3,3,2,2,3,2,2,2,4,3,3,3,3,2,2,5,5,4,5,5,4,4,5,2,4,2,2,2,2,3,2,2,4,4,3,4,3,4,4,3,5,5,4,2.3333333333333335,2.6190476190476186,4.461538461538462,2.3333333333333335,3.6666666666666665,2.4285714285714284,2.2857142857142856,3.142857142857143,4.625,4.2,2.4,2.25,3.6666666666666665
DEMO_146,DEMO_001,demo,36,16.3,12.9,RRHH,Lead,Presencial,Mujer,83854,2,3,3,3,2,3,3,2,2,3,4,3,1,2,4,2,2,3,1,2,2,2,2,2,1,1,2,1,2,3,4,2,3,2,2,3,4,3,5,5,4,4,4,4,3,2,3,3,3,2,2,2,4,4,2,1,3,4,4,4,5,5,5,4,2.6666666666666665,2.2857142857142856,4.3076923076923075,2.6666666666666665,3.6666666666666665,2.0,1.5714285714285714,3.2857142857142856,4.125,4.6,2.8,2.5,2.3333333333333335
DEMO_147,DEMO_001,demo,35,15.7,10.9,Desarrollo,Mid,Híbrido,Hombre,40191,3,3,1,2,3,2,3,3,4,3,3,3,2,3,1,3,3,3,2,2,2,3,2,2,3,2,2,1,2,3,3,3,2,3,3,3,4,4,4,5,5,4,4,5,2,1,3,3,2,3,2,2,2,4,5,3,4,4,4,4,5,4,4,4,2.6,2.571428571428571,4.3076923076923075,2.2222222222222223,4.0,2.5714285714285716,2.0,3.142857142857143,4.375,4.2,2.2,2.25,4.0
DEMO_148,DEMO_001,demo,41,17.1,11.6,Ventas,Senior,Presencial,Mujer,63375,3,3,4,3,4,2,4,3,1,2,1,3,3,3,3,3,2,3,2,2,2,2,3,2,2,3,2,2,3,2,3,3,3,2,2,3,4,4,4,4,5,4,5,4,3,3,2,2,3,2,2,3,3,2,2,3,3,2,4,4,5,4,4,4,2.8,2.714285714285714,4.230769230769231,2.5555555555555554,3.0,2.2857142857142856,2.4285714285714284,3.4285714285714284,4.25,4.2,2.6,2.5,2.3333333333333335
DEMO_149,DEMO_001,demo,37,13.7,10.8,Desarrollo,Senior,Presencial,No binario,57877,2,4,2,1,3,2,4,4,2,3,2,3,3,3,2,2,2,3,2,3,2,3,4,3,2,2,1,2,2,3,3,3,3,3,3,2,5,5,5,5,5,5,5,4,4,2,3,2,2,3,3,2,2,2,4,3,3,3,4,5,5,5,5,5,2.6666666666666665,2.6190476190476186,4.923076923076923,2.5555555555555554,3.3333333333333335,2.4285714285714284,2.2857142857142856,3.142857142857143,4.875,5.0,2.6,2.5,3.0
DEMO_150,DEMO_001,demo,42,17.7,13.1,Desarrollo,Lead,Presencial,Hombre,78007,3,3,2,2,3,3,2,1,2,2,3,4,1,2,3,2,3,3,3,3,3,3,2,1,2,2,2,2,2,2,3,3,2,2,2,4,5,4,4,5,5,4,4,5,2,3,2,3,1,3,3,2,2,3,3,3,3,3,4,5,5,5,4,5,2.4,2.714285714285714,4.615384615384615,2.3333333333333335,3.3333333333333335,2.857142857142857,1.8571428571428572,3.4285714285714284,4.5,4.8,2.2,2.5,3.0
DEMO_151,DEMO_001,demo,43,22.1,15.1,Desarrollo,Senior,Híbrido,Mujer,59695,3,2,3,2,4,3,3,1,3,1,2,2,2,1,2,2,2,4,1,2,2,2,3,2,2,2,3,2,2,3,3,3,2,5,2,3,4,5,5,5,5,5,5,5,2,3,2,3,2,3,2,2,2,4,1,3,4,4,3,5,5,5,5,4,2.2666666666666666,2.4761904761904763,4.846153846153846,2.3333333333333335,3.6666666666666665,2.142857142857143,2.2857142857142856,3.0,4.875,4.8,2.4,2.25,2.6666666666666665
DEMO_152,DEMO_001,demo,34,14.1,10.5,Ventas,Mid,Presencial,Hombre,37696,2,3,2,3,2,2,4,3,3,2,3,2,3,3,1,3,3,2,3,3,3,4,3,2,3,3,2,3,3,2,3,3,3,2,3,2,4,4,3,3,3,4,4,3,3,2,3,3,2,3,2,2,4,4,2,3,4,3,3,3,3,3,4,3,2.533333333333333,3.0476190476190474,3.3846153846153846,2.6666666666666665,3.3333333333333335,3.0,2.7142857142857144,3.4285714285714284,3.5,3.2,2.6,2.75,3.0
DEMO_153,DEMO_001,demo,35,16.4,12.0,Desarrollo,Mid,Híbrido,Mujer,43315,3,4,2,2,3,2,4,2,2,3,3,4,1,4,2,2,3,2,2,3,3,2,2,2,2,2,3,2,3,3,2,2,3,2,2,2,4,4,4,4,4,4,4,5,1,2,2,1,4,2,1,2,3,2,4,3,3,3,3,5,5,4,4,4,2.7333333333333334,2.809523809523809,4.230769230769231,2.0,3.0,2.4285714285714284,2.2857142857142856,3.7142857142857144,4.125,4.4,2.0,2.0,3.0
DEMO_154,DEMO_001,demo,41,18.9,11.3,Datos,Senior,Presencial,No binario,55993,1,3,3,3,1,5,3,3,2,2,3,4,2,1,3,3,2,2,2,1,2,2,2,2,2,3,2,1,2,2,3,2,4,2,4,2,5,5,5,5,5,5,5,5,3,2,3,1,2,2,2,2,3,3,4,3,3,3,4,5,5,5,5,5,2.6,2.4285714285714284,5.0,2.2222222222222223,3.3333333333333335,2.0,2.0,3.2857142857142856,5.0,5.0,2.2,2.25,3.3333333333333335
DEMO_155,DEMO_001,demo,40,16.5,12.7,Desarrollo,Mid,Presencial,Mujer,35825,3,2,3,3,3,2,3,3,3,3,2,3,3,4,4,2,3,2,3,3,3,3,2,2,3,2,2,2,3,1,2,2,3,3,3,3,4,4,4,5,5,4,4,4,3,3,3,3,3,2,2,2,3,5,3,3,4,4,5,3,4,5,4,4,2.933333333333333,2.857142857142857,4.153846153846154,2.6666666666666665,4.333333333333333,2.7142857142857144,2.2857142857142856,3.5714285714285716,4.25,4.0,3.0,2.25,3.6666666666666665
DEMO_156,DEMO_001,demo,40,17.5,11.7,Ventas,Junior,Presencial,Hombre,32092,3,3,2,3,4,4,2,3,4,3,2,2,3,4,2,3,3,3,3,4,3,3,3,3,3,1,3,3,3,2,2,2,3,3,2,3,2,3,3,2,3,4,2,2,2,2,2,3,2,1,4,4,2,4,4,3,3,4,3,2,2,2,2,3,2.933333333333333,3.142857142857143,2.4615384615384617,2.4444444444444446,3.3333333333333335,3.142857142857143,2.7142857142857144,3.5714285714285716,2.625,2.2,2.2,2.75,3.6666666666666665
DEMO_157,DEMO_001,demo,48,25.5,16.8,Producto,Senior,Híbrido,Hombre,57582,2,2,3,3,4,2,2,3,2,3,2,3,3,3,3,3,3,2,2,2,3,2,2,2,2,2,2,2,2,3,4,2,3,3,2,3,5,5,5,5,5,4,3,4,3,3,3,3,2,1,2,3,2,4,4,4,3,3,4,5,5,5,5,4,2.6666666666666665,2.5238095238095237,4.615384615384615,2.4444444444444446,3.3333333333333335,2.4285714285714284,2.0,3.142857142857143,4.5,4.8,2.8,2.0,4.0
DEMO_158,DEMO_001,demo,49,26.6,16.9,Datos,Senior,Presencial,Hombre,53489,2,2,2,3,2,3,3,2,2,3,5,2,2,2,4,1,3,2,2,2,1,3,2,2,2,1,2,2,3,3,3,3,3,3,3,4,5,5,5,5,5,5,5,5,3,2,2,2,3,2,3,2,1,4,4,4,4,4,4,5,5,4,5,5,2.6,2.285714285714286,4.923076923076923,2.2222222222222223,4.0,2.0,2.0,2.857142857142857,5.0,4.8,2.4,2.0,4.0
DEMO_159,DEMO_001,demo,27,6.0,4.1,Desarrollo,Senior,Híbrido,Hombre,69240,3,3,3,3,3,4,3,2,3,2,3,3,2,3,2,2,2,2,2,2,3,2,1,2,1,2,2,2,2,3,3,3,3,2,2,2,4,5,5,5,5,5,5,5,2,3,2,2,3,2,3,2,2,3,4,4,4,4,3,5,4,5,5,4,2.8,2.4285714285714284,4.769230769230769,2.3333333333333335,3.6666666666666665,2.142857142857143,1.7142857142857142,3.4285714285714284,4.875,4.6,2.4,2.25,3.6666666666666665
DEMO_160,DEMO_001,demo,39,16.5,14.4,Desarrollo,Senior,Híbrido,Hombre,63377,2,2,2,2,3,3,3,2,3,3,2,2,1,3,3,2,2,3,3,2,2,3,2,2,3,1,3,2,2,2,3,3,2,4,1,3,5,4,5,5,4,5,5,5,2,3,3,3,2,3,3,3,1,3,5,3,3,3,5,5,4,5,4,5,2.4,2.6666666666666665,4.6923076923076925,2.5555555555555554,3.6666666666666665,2.4285714285714284,2.142857142857143,3.4285714285714284,4.75,4.6,2.6,2.5,3.6666666666666665
DEMO_161,DEMO_001,demo,37,15.5,11.6,Datos,Mid,Híbrido,Hombre,41555,2,3,3,2,3,4,3,2,4,3,2,3,3,2,4,2,2,2,2,2,2,2,2,3,2,2,2,2,2,2,3,3,2,4,3,4,4,3,5,4,4,5,5,4,1,2,1,2,4,3,2,2,2,2,4,5,3,3,3,5,4,4,5,4,2.8666666666666667,2.380952380952381,4.3076923076923075,2.111111111111111,3.0,2.0,2.142857142857143,3.0,4.25,4.4,2.0,2.25,3.6666666666666665
DEMO_162,DEMO_001,demo,31,14.3,10.5,Datos,Lead,Presencial,Hombre,74122,2,2,3,2,3,2,2,3,2,4,2,2,3,2,2,2,2,2,3,2,2,1,2,2,2,2,1,3,1,4,2,3,2,2,3,3,5,5,5,5,5,5,5,4,3,2,3,3,2,3,3,2,1,4,4,4,3,4,4,5,5,4,4,4,2.4,2.380952380952381,4.6923076923076925,2.4444444444444446,3.6666666666666665,2.0,1.8571428571428572,3.2857142857142856,4.875,4.4,2.6,2.25,4.0
DEMO_163,DEMO_001,demo,27,7.1,5.5,Producto,Lead,Híbrido,No binario,79644,3,4,2,4,3,4,2,3,3,3,5,2,3,1,2,2,3,3,2,3,2,2,2,2,3,2,2,3,2,2,2,3,2,2,3,2,4,4,4,5,4,5,5,5,2,2,2,2,3,3,2,3,2,2,4,3,4,3,4,3,5,4,4,4,2.933333333333333,2.809523809523809,4.3076923076923075,2.3333333333333335,3.6666666666666665,2.4285714285714284,2.2857142857142856,3.7142857142857144,4.5,4.0,2.2,2.5,3.0
DEMO_164,DEMO_001,demo,25,5.3,4.1,Datos,Lead,Presencial,Mujer,67567,1,2,2,2,3,4,4,2,3,2,3,4,2,1,2,2,3,2,3,2,3,2,3,2,2,2,2,1,2,3,3,4,3,4,2,2,5,5,5,5,5,5,5,4,4,2,3,2,3,2,3,2,2,4,2,4,4,4,3,5,5,5,5,5,2.466666666666667,2.4761904761904763,4.923076923076923,2.5555555555555554,3.6666666666666665,2.4285714285714284,2.0,3.0,4.875,5.0,2.8,2.25,3.3333333333333335
DEMO_165,DEMO_001,demo,36,12.3,6.5,Desarrollo,Senior,Presencial,Mujer,56394,2,3,1,4,3,2,1,3,3,2,2,1,4,2,4,3,2,2,2,4,2,2,2,2,3,3,3,2,2,3,2,3,3,3,2,2,5,5,5,5,5,5,5,4,4,2,2,3,3,2,3,3,2,3,4,3,3,4,3,4,4,5,5,5,2.466666666666667,2.7619047619047614,4.769230769230769,2.6666666666666665,3.3333333333333335,2.4285714285714284,2.4285714285714284,3.4285714285714284,4.875,4.6,2.8,2.5,3.3333333333333335
DEMO_166,DEMO_001,demo,35,11.1,6.2,Desarrollo,Mid,Presencial,Hombre,41086,4,3,3,3,4,4,3,1,3,3,3,1,3,3,5,2,3,3,3,3,2,3,2,3,2,2,2,2,2,3,2,3,2,3,3,2,4,4,4,3,4,5,4,4,3,2,4,3,3,3,2,2,2,4,3,2,3,4,3,4,4,4,4,5,3.066666666666667,2.7619047619047623,4.076923076923077,2.6666666666666665,3.3333333333333335,2.7142857142857144,2.142857142857143,3.4285714285714284,4.0,4.2,3.0,2.25,3.0
DEMO_167,DEMO_001,demo,40,16.3,12.6,Desarrollo,Mid,Presencial,Hombre,43121,3,3,2,4,3,3,2,2,2,4,5,3,3,2,3,3,3,2,3,3,3,4,3,4,2,1,3,3,2,2,3,2,3,3,3,2,4,3,4,5,4,5,4,4,2,3,2,2,3,3,3,2,2,4,3,3,4,3,4,5,3,4,4,4,2.933333333333333,3.0,4.076923076923077,2.4444444444444446,3.6666666666666665,3.0,2.5714285714285716,3.4285714285714284,4.125,4.0,2.4,2.5,3.3333333333333335
DEMO_168,DEMO_001,demo,36,14.2,6.0,Datos,Mid,Híbrido,Hombre,45474,4,2,2,3,2,2,3,2,3,2,2,3,4,2,2,2,3,3,2,2,2,2,1,2,2,3,2,2,2,3,2,3,4,3,3,3,5,5,4,5,5,5,5,5,3,3,2,2,3,3,2,3,2,4,3,3,4,3,4,5,4,5,3,5,2.533333333333333,2.4285714285714284,4.6923076923076925,2.5555555555555554,3.6666666666666665,2.2857142857142856,2.0,3.0,4.875,4.4,2.6,2.5,3.3333333333333335
DEMO_169,DEMO_001,demo,43,21.7,11.3,Desarrollo,Mid,Presencial,Hombre,43300,2,2,1,3,2,3,2,3,2,4,3,3,4,2,3,3,2,3,3,3,2,3,3,2,2,2,3,2,2,3,2,2,3,4,2,3,4,4,5,4,4,4,4,4,2,2,3,2,3,2,2,3,2,5,2,2,2,4,3,4,4,4,5,3,2.6,2.7619047619047614,4.076923076923077,2.3333333333333335,3.0,2.7142857142857144,2.2857142857142856,3.2857142857142856,4.125,4.0,2.4,2.25,3.0
DEMO_170,DEMO_001,demo,46,20.7,17.9,Datos,Senior,Presencial,Hombre,61162,2,3,3,3,3,3,3,3,2,4,3,3,2,2,2,3,2,2,2,3,2,2,2,1,1,2,2,2,2,3,3,3,4,4,2,4,5,4,5,5,5,4,5,5,2,2,2,2,1,2,2,1,1,2,3,2,4,3,3,5,4,5,5,5,2.7333333333333334,2.238095238095238,4.769230769230769,1.6666666666666667,3.3333333333333335,2.2857142857142856,1.7142857142857142,2.7142857142857144,4.75,4.8,1.8,1.5,2.3333333333333335
DEMO_171,DEMO_001,demo,33,12.3,8.6,Producto,Senior,Presencial,Mujer,57045,3,2,2,4,3,3,2,2,3,4,2,3,2,3,2,2,1,3,2,2,3,2,1,2,3,3,2,2,2,3,2,3,3,2,2,2,5,5,4,5,5,4,4,4,1,2,3,3,3,2,3,2,2,4,3,3,3,4,3,5,5,4,3,5,2.6666666666666665,2.619047619047619,4.461538461538462,2.3333333333333335,3.3333333333333335,2.142857142857143,2.142857142857143,3.5714285714285716,4.5,4.4,2.4,2.25,3.3333333333333335
DEMO_172,DEMO_001,demo,34,15.4,9.1,Datos,Mid,Híbrido,Hombre,41473,4,2,4,4,2,4,3,3,2,3,2,4,2,4,3,2,2,3,3,3,3,3,3,2,3,3,2,2,2,3,3,4,3,3,2,2,4,5,4,4,5,5,5,4,2,1,4,2,2,3,2,3,2,3,4,3,4,4,4,4,3,4,5,5,3.066666666666667,2.7619047619047614,4.384615384615385,2.3333333333333335,4.0,2.7142857142857144,2.4285714285714284,3.142857142857143,4.5,4.2,2.2,2.5,3.3333333333333335
DEMO_173,DEMO_001,demo,47,26.5,12.0,Desarrollo,Senior,Presencial,Hombre,65084,1,2,3,2,3,2,2,3,3,3,3,3,1,2,3,3,2,2,2,2,3,3,2,2,1,3,2,2,3,3,2,2,3,3,2,3,5,5,5,5,5,5,5,4,3,2,3,2,2,1,3,3,3,3,4,3,4,3,3,5,5,4,4,5,2.4,2.6666666666666665,4.769230769230769,2.4444444444444446,3.3333333333333335,2.4285714285714284,2.142857142857143,3.4285714285714284,4.875,4.6,2.4,2.5,3.3333333333333335
DEMO_174,DEMO_001,demo,32,11.9,6.3,Datos,Junior,Presencial,No binario,30648,2,3,4,4,4,1,2,1,3,2,3,2,2,3,2,4,2,3,3,3,2,3,2,2,3,2,2,2,2,3,4,3,3,4,2,4,4,4,4,4,4,4,3,4,2,2,3,3,3,2,3,2,2,4,2,3,5,4,4,4,4,4,3,4,2.533333333333333,2.5714285714285716,3.8461538461538463,2.4444444444444446,4.333333333333333,2.857142857142857,2.142857142857143,2.7142857142857144,3.875,3.8,2.6,2.25,3.0
DEMO_175,DEMO_001,demo,50,29.9,16.5,Producto,Junior,Presencial,No binario,29284,1,2,2,2,3,3,2,2,1,2,3,2,2,2,3,2,2,3,3,3,3,3,3,3,2,2,2,3,2,2,2,2,2,2,2,3,4,4,3,3,3,4,3,3,2,3,3,2,3,3,1,3,3,4,2,4,5,3,4,3,2,3,4,3,2.1333333333333333,3.0,3.230769230769231,2.5555555555555554,4.0,2.7142857142857144,2.4285714285714284,3.857142857142857,3.375,3.0,2.6,2.5,3.3333333333333335
DEMO_176,DEMO_001,demo,52,30.4,27.0,Ventas,Senior,Híbrido,Hombre,61509,2,2,2,4,3,3,4,4,2,2,3,3,4,3,3,1,3,3,2,3,3,3,2,1,2,3,3,2,3,2,2,2,2,4,2,2,5,4,4,4,4,4,4,4,3,3,3,3,1,2,2,2,3,4,3,3,3,4,4,4,3,3,4,5,2.933333333333333,2.8571428571428577,4.0,2.4444444444444446,3.6666666666666665,2.5714285714285716,2.2857142857142856,3.7142857142857144,4.125,3.8,2.6,2.25,3.3333333333333335
DEMO_177,DEMO_001,demo,35,11.3,9.7,Ventas,Mid,Presencial,Hombre,41005,2,2,3,3,4,3,2,2,2,2,1,2,3,2,3,3,3,2,4,3,3,3,2,3,2,2,2,2,3,3,2,2,2,2,3,2,3,3,4,3,3,4,3,3,3,1,4,2,2,3,2,2,3,3,3,2,4,4,3,2,2,2,4,2,2.4,3.0,2.923076923076923,2.4444444444444446,3.6666666666666665,3.0,2.2857142857142856,3.7142857142857144,3.25,2.4,2.4,2.5,2.6666666666666665
DEMO_178,DEMO_001,demo,39,18.9,12.8,Producto,Senior,Presencial,Mujer,60756,3,3,3,3,3,2,1,2,3,2,3,3,3,3,2,2,2,2,2,3,2,2,2,2,3,2,1,2,1,3,2,2,3,3,1,3,5,4,5,5,4,4,5,5,3,3,1,2,3,2,3,2,2,3,4,2,3,4,4,5,5,5,4,5,2.6,2.5238095238095237,4.6923076923076925,2.3333333333333335,3.6666666666666665,2.142857142857143,1.8571428571428572,3.5714285714285716,4.625,4.8,2.4,2.25,3.0
DEMO_179,DEMO_001,demo,41,22.3,14.8,Producto,Senior,Presencial,Mujer,57852,3,3,2,2,3,4,3,3,4,3,3,3,1,1,3,2,3,2,2,2,2,1,2,1,2,3,2,1,2,3,3,3,2,4,3,2,5,4,4,4,5,5,4,5,2,1,2,3,2,2,1,3,3,3,3,3,3,4,4,5,3,5,5,5,2.7333333333333334,2.3333333333333335,4.538461538461538,2.111111111111111,3.6666666666666665,2.0,1.8571428571428572,3.142857142857143,4.5,4.6,2.0,2.25,3.0
DEMO_180,DEMO_001,demo,29,7.7,3.6,Producto,Senior,Presencial,Mujer,66788,3,2,3,3,3,2,4,2,3,4,2,4,2,2,2,1,3,2,3,2,2,3,2,2,2,3,2,2,2,2,2,2,2,4,3,2,4,5,5,5,5,4,4,5,2,3,1,2,1,2,2,2,2,3,3,4,3,4,4,4,5,4,5,4,2.7333333333333334,2.6666666666666665,4.538461538461538,1.8888888888888888,3.6666666666666665,2.2857142857142856,2.142857142857143,3.5714285714285716,4.625,4.4,1.8,2.0,3.3333333333333335
